2026-04-28 23:55:39 +0000 [MT] Initial pipeline context: <IDEDistributionProcessingPipelineContext: 0xc09778300; archive(resolved)="<IDEArchive: 0xc0b767480>", distributionTask(resolved)="2", distributionDestination(resolved)="1", distributionMethod(resolved)="<IDEDistributionMethodiOSAppStoreDistribution: 0xc09b53570>", team(resolved)="<IDEProvisioningBasicTeam: 0xc0be7d4e0; teamID='Z44H678J3R', teamName='(null)'>">
	Chain (15, self inclusive):
	<IDEDistributionProcessingPipelineContext: 0xc09778300; archive = "<IDEArchive: 0xc0b767480>", distributionMethod="<IDEDistributionMethodiOSAppStoreDistribution: 0xc09b53570>", team="<IDEProvisioningBasicTeam: 0xc0be7d4e0; teamID='Z44H678J3R', teamName='(null)'>">
	<IDEDistributionProcessingPipelineContext: 0xc09778000; archive = "<IDEArchive: 0xc0b767480>", distributionMethod="<IDEDistributionMethodiOSAppStoreDistribution: 0xc09b53570>", team="<IDEProvisioningBasicTeam: 0xc0be7d4e0; teamID='Z44H678J3R', teamName='(null)'>">
	<IDEDistributionContext: 0xc09a81b80; archive = "<IDEArchive: 0xc0b767480>", distributionMethod="<IDEDistributionMethodiOSAppStoreDistribution: 0xc09b53570>", team="<IDEProvisioningBasicTeam: 0xc0be7d4e0; teamID='Z44H678J3R', teamName='(null)'>">
	<IDEDistributionContext: 0xc09a81900; archive = "<IDEArchive: 0xc0b767480>", distributionMethod="<IDEDistributionMethodiOSAppStoreDistribution: 0xc09b53570>", team="<IDEProvisioningBasicTeam: 0xc0be7d4e0; teamID='Z44H678J3R', teamName='(null)'>">
	<IDEDistributionContext: 0xc09a81680; archive = "<IDEArchive: 0xc0b767480>", distributionMethod="<IDEDistributionMethodiOSAppStoreDistribution: 0xc09b53570>", team="<IDEProvisioningBasicTeam: 0xc0be7d4e0; teamID='Z44H678J3R', teamName='(null)'>">
	<IDEDistributionContext: 0xc09a81400; archive = "<IDEArchive: 0xc0b767480>", distributionMethod="<IDEDistributionMethodiOSAppStoreDistribution: 0xc09b53570>", team="<IDEProvisioningBasicTeam: 0xc0be7d4e0; teamID='Z44H678J3R', teamName='(null)'>">
	<IDEDistributionContext: 0xc09a81180; archive = "<IDEArchive: 0xc0b767480>", distributionMethod="<IDEDistributionMethodiOSAppStoreDistribution: 0xc09b53570>", team="<IDEProvisioningBasicTeam: 0xc0be7d4e0; teamID='Z44H678J3R', teamName='(null)'>">
	<IDEDistributionContext: 0xc09a80f00; archive = "<IDEArchive: 0xc0b767480>", distributionMethod="<IDEDistributionMethodiOSAppStoreDistribution: 0xc09b53570>", team="<IDEProvisioningBasicTeam: 0xc0be7d4e0; teamID='Z44H678J3R', teamName='(null)'>">
	<IDEDistributionContext: 0xc09a80c80; archive = "<IDEArchive: 0xc0b767480>", distributionMethod="<IDEDistributionMethodiOSAppStoreDistribution: 0xc09b53570>", team="<IDEProvisioningBasicTeam: 0xc0be7d4e0; teamID='Z44H678J3R', teamName='(null)'>">
	<IDEDistributionContext: 0xc09a80a00; archive = "<IDEArchive: 0xc0b767480>", distributionMethod="<IDEDistributionMethodiOSAppStoreDistribution: 0xc09b53570>", team="<IDEProvisioningBasicTeam: 0xc0be7d4e0; teamID='Z44H678J3R', teamName='(null)'>">
	<IDEDistributionContext: 0xc09a80780; archive = "<IDEArchive: 0xc0b767480>", distributionMethod="<IDEDistributionMethodiOSAppStoreDistribution: 0xc09b53570>", team="<IDEProvisioningBasicTeam: 0xc0be7d4e0; teamID='Z44H678J3R', teamName='(null)'>">
	<IDEDistributionContext: 0xc09a80500; archive = "<IDEArchive: 0xc0b767480>", distributionMethod="<IDEDistributionMethodiOSAppStoreDistribution: 0xc09b53570>", team="<IDEProvisioningBasicTeam: 0xc0be7d4e0; teamID='Z44H678J3R', teamName='(null)'>">
	<IDEDistributionContext: 0xc09a80280; archive = "<IDEArchive: 0xc0b767480>", distributionMethod="<IDEDistributionMethodiOSAppStoreDistribution: 0xc09b53570>", team="(null)">
	<IDEDistributionContext: 0xc09a80000; archive = "<IDEArchive: 0xc0b767480>", distributionMethod="<IDEDistributionMethodiOSAppStoreDistribution: 0xc09b53570>", team="(null)">
	<IDEDistributionContext: 0x1018c26f0; archive = "<IDEArchive: 0xc0b767480>", distributionMethod="(null)", team="(null)">
</IDEDistributionProcessingPipelineContext: 0xc09778300>
2026-04-28 23:55:39 +0000 [MT] Processing step: IDEDistributionCreateDestRootStep
2026-04-28 23:55:39 +0000 [MT] Processing step: IDEDistributionCopyItemStep
2026-04-28 23:55:39 +0000 [MT] Running /usr/bin/ditto '-V' '/Users/ankin/Documents/element-x-fork/ios/build-archive/sTalk.xcarchive/Products/Applications/sTalk.app' '/var/folders/59/qzr86rhs1rvd4hb30sj8hxpc0000gn/T/XcodeDistPipeline.~~~PvFU9R/Root/Payload/sTalk.app'
2026-04-28 23:55:39 +0000  >>> Copying /Users/ankin/Documents/element-x-fork/ios/build-archive/sTalk.xcarchive/Products/Applications/sTalk.app 
2026-04-28 23:55:39 +0000  copying file ./de.lproj/SAS.strings ... 
2026-04-28 23:55:39 +0000  1437 bytes for ./de.lproj/SAS.strings
2026-04-28 23:55:39 +0000  copying file ./de.lproj/Localizable.strings ... 
2026-04-28 23:55:39 +0000  167861 bytes for ./de.lproj/Localizable.strings
2026-04-28 23:55:39 +0000  copying file ./de.lproj/InfoPlist.strings ... 
2026-04-28 23:55:39 +0000  868 bytes for ./de.lproj/InfoPlist.strings
copying file ./de.lproj/Localizable.stringsdict ... 
2026-04-28 23:55:39 +0000  4146 bytes for ./de.lproj/Localizable.stringsdict
2026-04-28 23:55:39 +0000  copying file ./_CodeSignature/CodeResources ... 
2026-04-28 23:55:39 +0000  164185 bytes for ./_CodeSignature/CodeResources
2026-04-28 23:55:39 +0000  copying file ./ur.lproj/Localizable.strings ... 
2026-04-28 23:55:39 +0000  160030 bytes for ./ur.lproj/Localizable.strings
2026-04-28 23:55:39 +0000  copying file ./ur.lproj/InfoPlist.strings ... 
2026-04-28 23:55:39 +0000  1028 bytes for ./ur.lproj/InfoPlist.strings
2026-04-28 23:55:39 +0000  copying file ./ur.lproj/Localizable.stringsdict ... 
2026-04-28 23:55:39 +0000  4422 bytes for ./ur.lproj/Localizable.stringsdict
2026-04-28 23:55:39 +0000  copying file ./TabContacts.json ... 
2026-04-28 23:55:39 +0000  2228 bytes for ./TabContacts.json
2026-04-28 23:55:39 +0000  copying file ./zh-Hant-TW.lproj/Localizable.strings ... 
2026-04-28 23:55:39 +0000  111144 bytes for ./zh-Hant-TW.lproj/Localizable.strings
2026-04-28 23:55:39 +0000  copying file ./zh-Hant-TW.lproj/InfoPlist.strings ... 
2026-04-28 23:55:39 +0000  512 bytes for ./zh-Hant-TW.lproj/InfoPlist.strings
2026-04-28 23:55:39 +0000  copying file ./zh-Hant-TW.lproj/Localizable.stringsdict ... 
2026-04-28 23:55:39 +0000  3033 bytes for ./zh-Hant-TW.lproj/Localizable.stringsdict
2026-04-28 23:55:39 +0000  copying file ./el.lproj/Localizable.strings ... 
2026-04-28 23:55:39 +0000  183002 bytes for ./el.lproj/Localizable.strings
2026-04-28 23:55:39 +0000  copying file ./el.lproj/InfoPlist.strings ... 
2026-04-28 23:55:39 +0000  1128 bytes for ./el.lproj/InfoPlist.strings
2026-04-28 23:55:39 +0000  copying file ./el.lproj/Localizable.stringsdict ... 
2026-04-28 23:55:39 +0000  4872 bytes for ./el.lproj/Localizable.stringsdict
2026-04-28 23:55:39 +0000  copying file ./zh-Hans.lproj/SAS.strings ... 
2026-04-28 23:55:39 +0000  1172 bytes for ./zh-Hans.lproj/SAS.strings
2026-04-28 23:55:39 +0000  copying file ./zh-Hans.lproj/Localizable.strings ... 
2026-04-28 23:55:39 +0000  109733 bytes for ./zh-Hans.lproj/Localizable.strings
2026-04-28 23:55:39 +0000  copying file ./zh-Hans.lproj/InfoPlist.strings ... 
2026-04-28 23:55:39 +0000  498 bytes for ./zh-Hans.lproj/InfoPlist.strings
2026-04-28 23:55:39 +0000  copying file ./zh-Hans.lproj/Localizable.stringsdict ... 
2026-04-28 23:55:39 +0000  3011 bytes for ./zh-Hans.lproj/Localizable.stringsdict
2026-04-28 23:55:39 +0000  copying file ./fa.lproj/SAS.strings ... 
2026-04-28 23:55:39 +0000  1490 bytes for ./fa.lproj/SAS.strings
2026-04-28 23:55:39 +0000  copying file ./fa.lproj/Localizable.strings ... 
2026-04-28 23:55:39 +0000  151687 bytes for ./fa.lproj/Localizable.strings
2026-04-28 23:55:39 +0000  copying file ./fa.lproj/Localizable.stringsdict ... 
2026-04-28 23:55:39 +0000  3708 bytes for ./fa.lproj/Localizable.stringsdict
2026-04-28 23:55:39 +0000  copying file ./eu.lproj/Localizable.strings ... 
2026-04-28 23:55:39 +0000  131469 bytes for ./eu.lproj/Localizable.strings
2026-04-28 23:55:39 +0000  copying file ./eu.lproj/InfoPlist.strings ... 
2026-04-28 23:55:39 +0000  587 bytes for ./eu.lproj/InfoPlist.strings
2026-04-28 23:55:39 +0000  copying file ./eu.lproj/Localizable.stringsdict ... 
2026-04-28 23:55:39 +0000  3775 bytes for ./eu.lproj/Localizable.stringsdict
2026-04-28 23:55:39 +0000  copying file ./en.lproj/Untranslated.stringsdict ... 
2026-04-28 23:55:39 +0000  287 bytes for ./en.lproj/Untranslated.stringsdict
2026-04-28 23:55:39 +0000  copying file ./en.lproj/SAS.strings ... 
2026-04-28 23:55:39 +0000  1307 bytes for ./en.lproj/SAS.strings
2026-04-28 23:55:39 +0000  copying file ./en.lproj/Localizable.strings ... 
2026-04-28 23:55:39 +0000  138887 bytes for ./en.lproj/Localizable.strings
2026-04-28 23:55:39 +0000  copying file ./en.lproj/InfoPlist.strings ... 
2026-04-28 23:55:39 +0000  574 bytes for ./en.lproj/InfoPlist.strings
2026-04-28 23:55:39 +0000  copying file ./en.lproj/Localizable.stringsdict ... 
2026-04-28 23:55:39 +0000  3775 bytes for ./en.lproj/Localizable.stringsdict
2026-04-28 23:55:39 +0000  copying file ./en.lproj/Untranslated.strings ... 
2026-04-28 23:55:39 +0000  1120 bytes for ./en.lproj/Untranslated.strings
2026-04-28 23:55:39 +0000  copying file ./uk.lproj/SAS.strings ... 
2026-04-28 23:55:39 +0000  1770 bytes for ./uk.lproj/SAS.strings
2026-04-28 23:55:39 +0000  copying file ./uk.lproj/Localizable.strings ... 
2026-04-28 23:55:39 +0000  175389 bytes for ./uk.lproj/Localizable.strings
2026-04-28 23:55:39 +0000  copying file ./uk.lproj/InfoPlist.strings ... 
2026-04-28 23:55:39 +0000  986 bytes for ./uk.lproj/InfoPlist.strings
2026-04-28 23:55:39 +0000  copying file ./uk.lproj/Localizable.stringsdict ... 
2026-04-28 23:55:39 +0000  6107 bytes for ./uk.lproj/Localizable.stringsdict
2026-04-28 23:55:39 +0000  copying file ./Emojibase_Emojibase.bundle/emojibase.json ... 
2026-04-28 23:55:39 +0000  624991 bytes for ./Emojibase_Emojibase.bundle/emojibase.json
2026-04-28 23:55:39 +0000  copying file ./Emojibase_Emojibase.bundle/Info.plist ... 
2026-04-28 23:55:39 +0000  691 bytes for ./Emojibase_Emojibase.bundle/Info.plist
2026-04-28 23:55:39 +0000  copying file ./EmbeddedElementCall_EmbeddedElementCall.bundle/dist/index.html ... 
2026-04-28 23:55:39 +0000  420 bytes for ./EmbeddedElementCall_EmbeddedElementCall.bundle/dist/index.html
2026-04-28 23:55:39 +0000  copying file ./EmbeddedElementCall_EmbeddedElementCall.bundle/dist/config.json ... 
2026-04-28 23:55:39 +0000  250 bytes for ./EmbeddedElementCall_EmbeddedElementCall.bundle/dist/config.json
2026-04-28 23:55:39 +0000  copying file ./EmbeddedElementCall_EmbeddedElementCall.bundle/dist/assets/dog-BoQdnF-w.mp3 ... 
2026-04-28 23:55:39 +0000  11702 bytes for ./EmbeddedElementCall_EmbeddedElementCall.bundle/dist/assets/dog-BoQdnF-w.mp3
2026-04-28 23:55:39 +0000  copying file ./EmbeddedElementCall_EmbeddedElementCall.bundle/dist/assets/left_call-BbqmRgnC.mp3 ... 
2026-04-28 23:55:39 +0000  11647 bytes for ./EmbeddedElementCall_EmbeddedElementCall.bundle/dist/assets/left_call-BbqmRgnC.mp3
2026-04-28 23:55:39 +0000  copying file ./EmbeddedElementCall_EmbeddedElementCall.bundle/dist/assets/inter-cyrillic-400-normal-BLGc9T1a.woff2 ... 
2026-04-28 23:55:39 +0000  7712 bytes for ./EmbeddedElementCall_EmbeddedElementCall.bundle/dist/assets/inter-cyrillic-400-normal-BLGc9T1a.woff2
2026-04-28 23:55:39 +0000  copying file ./EmbeddedElementCall_EmbeddedElementCall.bundle/dist/assets/el-app-BBr3LLTK.json ... 
2026-04-28 23:55:39 +0000  7948 bytes for ./EmbeddedElementCall_EmbeddedElementCall.bundle/dist/assets/el-app-BBr3LLTK.json
2026-04-28 23:55:39 +0000  copying file ./EmbeddedElementCall_EmbeddedElementCall.bundle/dist/assets/cs-app-Du_5mVg3.json ... 
2026-04-28 23:55:39 +0000  12230 bytes for ./EmbeddedElementCall_EmbeddedElementCall.bundle/dist/assets/cs-app-Du_5mVg3.json
2026-04-28 23:55:39 +0000  copying file ./EmbeddedElementCall_EmbeddedElementCall.bundle/dist/assets/inter-cyrillic-700-normal-oWiwobpV.woff ... 
2026-04-28 23:55:39 +0000  9912 bytes for ./EmbeddedElementCall_EmbeddedElementCall.bundle/dist/assets/inter-cyrillic-700-normal-oWiwobpV.woff
2026-04-28 23:55:39 +0000  copying file ./EmbeddedElementCall_EmbeddedElementCall.bundle/dist/assets/selfie_segmenter-DF05sdL4.tflite ... 
2026-04-28 23:55:39 +0000  249537 bytes for ./EmbeddedElementCall_EmbeddedElementCall.bundle/dist/assets/selfie_segmenter-DF05sdL4.tflite
2026-04-28 23:55:39 +0000  copying file ./EmbeddedElementCall_EmbeddedElementCall.bundle/dist/assets/matrix-sdk-crypto-wasm-DMhr4gdY.js ... 
2026-04-28 23:55:39 +0000  129975 bytes for ./EmbeddedElementCall_EmbeddedElementCall.bundle/dist/assets/matrix-sdk-crypto-wasm-DMhr4gdY.js
2026-04-28 23:55:39 +0000  copying file ./EmbeddedElementCall_EmbeddedElementCall.bundle/dist/assets/inter-greek-ext-600-normal-CCFnzSpK.woff ... 
2026-04-28 23:55:39 +0000  7212 bytes for ./EmbeddedElementCall_EmbeddedElementCall.bundle/dist/assets/inter-greek-ext-600-normal-CCFnzSpK.woff
2026-04-28 23:55:39 +0000  copying file ./EmbeddedElementCall_EmbeddedElementCall.bundle/dist/assets/zh-Hant-app-BV1LKS_j.json ... 
2026-04-28 23:55:39 +0000  4729 bytes for ./EmbeddedElementCall_EmbeddedElementCall.bundle/dist/assets/zh-Hant-app-BV1LKS_j.json
2026-04-28 23:55:39 +0000  copying file ./EmbeddedElementCall_EmbeddedElementCall.bundle/dist/assets/baduntss-DOe0oFuS.mp3 ... 
2026-04-28 23:55:39 +0000  83165 bytes for ./EmbeddedElementCall_EmbeddedElementCall.bundle/dist/assets/baduntss-DOe0oFuS.mp3
2026-04-28 23:55:39 +0000  copying file ./EmbeddedElementCall_EmbeddedElementCall.bundle/dist/assets/index-BAfhaCa-.js.map ... 
2026-04-28 23:55:39 +0000  10721007 bytes for ./EmbeddedElementCall_EmbeddedElementCall.bundle/dist/assets/index-BAfhaCa-.js.map
2026-04-28 23:55:39 +0000  copying file ./EmbeddedElementCall_EmbeddedElementCall.bundle/dist/assets/inconsolata-vietnamese-400-normal-DfC_iMic.woff2 ... 
2026-04-28 23:55:39 +0000  8316 bytes for ./EmbeddedElementCall_EmbeddedElementCall.bundle/dist/assets/inconsolata-vietnamese-400-normal-DfC_iMic.woff2
2026-04-28 23:55:39 +0000  copying file ./EmbeddedElementCall_EmbeddedElementCall.bundle/dist/assets/pl-app-CUkXVSZk.json ... 
2026-04-28 23:55:39 +0000  11281 bytes for ./EmbeddedElementCall_EmbeddedElementCall.bundle/dist/assets/pl-app-CUkXVSZk.json
2026-04-28 23:55:39 +0000  copying file ./EmbeddedElementCall_EmbeddedElementCall.bundle/dist/assets/ru-app-CIijOjFj.json ... 
2026-04-28 23:55:39 +0000  16519 bytes for ./EmbeddedElementCall_EmbeddedElementCall.bundle/dist/assets/ru-app-CIijOjFj.json
2026-04-28 23:55:39 +0000  copying file ./EmbeddedElementCall_EmbeddedElementCall.bundle/dist/assets/vision_wasm_internal-TmjHuG4I.wasm ... 
2026-04-28 23:55:39 +0000  9574032 bytes for ./EmbeddedElementCall_EmbeddedElementCall.bundle/dist/assets/vision_wasm_internal-TmjHuG4I.wasm
2026-04-28 23:55:39 +0000  copying file ./EmbeddedElementCall_EmbeddedElementCall.bundle/dist/assets/inter-vietnamese-600-normal-Cc8MFFhd.woff2 ... 
2026-04-28 23:55:39 +0000  5100 bytes for ./EmbeddedElementCall_EmbeddedElementCall.bundle/dist/assets/inter-vietnamese-600-normal-Cc8MFFhd.woff2
2026-04-28 23:55:39 +0000  copying file ./EmbeddedElementCall_EmbeddedElementCall.bundle/dist/assets/polyfill-force-C-cqkbSt.js ... 
2026-04-28 23:55:39 +0000  240025 bytes for ./EmbeddedElementCall_EmbeddedElementCall.bundle/dist/assets/polyfill-force-C-cqkbSt.js
2026-04-28 23:55:39 +0000  copying file ./EmbeddedElementCall_EmbeddedElementCall.bundle/dist/assets/wave-FiiOzicp.ogg ... 
2026-04-28 23:55:39 +0000  22274 bytes for ./EmbeddedElementCall_EmbeddedElementCall.bundle/dist/assets/wave-FiiOzicp.ogg
copying file ./EmbeddedElementCall_EmbeddedElementCall.bundle/dist/assets/call_declined-C6gHsCGH.ogg ... 
2026-04-28 23:55:39 +0000  11597 bytes for ./EmbeddedElementCall_EmbeddedElementCall.bundle/dist/assets/call_declined-C6gHsCGH.ogg
2026-04-28 23:55:39 +0000  copying file ./EmbeddedElementCall_EmbeddedElementCall.bundle/dist/assets/spa-3dms9gnk.js ... 
2026-04-28 23:55:39 +0000  1075 bytes for ./EmbeddedElementCall_EmbeddedElementCall.bundle/dist/assets/spa-3dms9gnk.js
copying file ./EmbeddedElementCall_EmbeddedElementCall.bundle/dist/assets/sk-app-DaVEeQWZ.json ... 
2026-04-28 23:55:39 +0000  12196 bytes for ./EmbeddedElementCall_EmbeddedElementCall.bundle/dist/assets/sk-app-DaVEeQWZ.json
2026-04-28 23:55:39 +0000  copying file ./EmbeddedElementCall_EmbeddedElementCall.bundle/dist/assets/inter-greek-400-normal-DxZsaF_h.woff2 ... 
2026-04-28 23:55:39 +0000  7840 bytes for ./EmbeddedElementCall_EmbeddedElementCall.bundle/dist/assets/inter-greek-400-normal-DxZsaF_h.woff2
2026-04-28 23:55:39 +0000  copying file ./EmbeddedElementCall_EmbeddedElementCall.bundle/dist/assets/dog-CxIWtkNX.ogg ... 
2026-04-28 23:55:39 +0000  7104 bytes for ./EmbeddedElementCall_EmbeddedElementCall.bundle/dist/assets/dog-CxIWtkNX.ogg
2026-04-28 23:55:39 +0000  copying file ./EmbeddedElementCall_EmbeddedElementCall.bundle/dist/assets/party-D7rIOhAQ.ogg ... 
2026-04-28 23:55:39 +0000  14672 bytes for ./EmbeddedElementCall_EmbeddedElementCall.bundle/dist/assets/party-D7rIOhAQ.ogg
2026-04-28 23:55:39 +0000  copying file ./EmbeddedElementCall_EmbeddedElementCall.bundle/dist/assets/inconsolata-latin-ext-700-normal-Dlt-daqV.woff ... 
2026-04-28 23:55:39 +0000  17564 bytes for ./EmbeddedElementCall_EmbeddedElementCall.bundle/dist/assets/inconsolata-latin-ext-700-normal-Dlt-daqV.woff
copying file ./EmbeddedElementCall_EmbeddedElementCall.bundle/dist/assets/index-BAfhaCa-.js ... 
2026-04-28 23:55:39 +0000  2729281 bytes for ./EmbeddedElementCall_EmbeddedElementCall.bundle/dist/assets/index-BAfhaCa-.js
2026-04-28 23:55:39 +0000  copying file ./EmbeddedElementCall_EmbeddedElementCall.bundle/dist/assets/inter-latin-500-normal-BL9OpVg8.woff ... 
2026-04-28 23:55:39 +0000  31284 bytes for ./EmbeddedElementCall_EmbeddedElementCall.bundle/dist/assets/inter-latin-500-normal-BL9OpVg8.woff
2026-04-28 23:55:39 +0000  copying file ./EmbeddedElementCall_EmbeddedElementCall.bundle/dist/assets/inter-cyrillic-ext-600-normal-t7rHAwBu.woff ... 
2026-04-28 23:55:39 +0000  13460 bytes for ./EmbeddedElementCall_EmbeddedElementCall.bundle/dist/assets/inter-cyrillic-ext-600-normal-t7rHAwBu.woff
2026-04-28 23:55:39 +0000  copying file ./EmbeddedElementCall_EmbeddedElementCall.bundle/dist/assets/wave-Bzf1LSMH.mp3 ... 
2026-04-28 23:55:39 +0000  23656 bytes for ./EmbeddedElementCall_EmbeddedElementCall.bundle/dist/assets/wave-Bzf1LSMH.mp3
2026-04-28 23:55:39 +0000  copying file ./EmbeddedElementCall_EmbeddedElementCall.bundle/dist/assets/generic-BBbS3Wph.ogg ... 
2026-04-28 23:55:39 +0000  20317 bytes for ./EmbeddedElementCall_EmbeddedElementCall.bundle/dist/assets/generic-BBbS3Wph.ogg
2026-04-28 23:55:39 +0000  copying file ./EmbeddedElementCall_EmbeddedElementCall.bundle/dist/assets/inconsolata-latin-400-normal-DTZQ6lD6.woff2 ... 
2026-04-28 23:55:39 +0000  17664 bytes for ./EmbeddedElementCall_EmbeddedElementCall.bundle/dist/assets/inconsolata-latin-400-normal-DTZQ6lD6.woff2
2026-04-28 23:55:39 +0000  copying file ./EmbeddedElementCall_EmbeddedElementCall.bundle/dist/assets/inconsolata-latin-700-normal-DzgUY3Rl.woff ... 
2026-04-28 23:55:39 +0000  16624 bytes for ./EmbeddedElementCall_EmbeddedElementCall.bundle/dist/assets/inconsolata-latin-700-normal-DzgUY3Rl.woff
2026-04-28 23:55:39 +0000  copying file ./EmbeddedElementCall_EmbeddedElementCall.bundle/dist/assets/inter-greek-500-normal-CeQXL5ds.woff2 ... 
2026-04-28 23:55:39 +0000  7904 bytes for ./EmbeddedElementCall_EmbeddedElementCall.bundle/dist/assets/inter-greek-500-normal-CeQXL5ds.woff2
2026-04-28 23:55:39 +0000  copying file ./EmbeddedElementCall_EmbeddedElementCall.bundle/dist/assets/screen_share_started-IZDL-kAw.ogg ... 
2026-04-28 23:55:39 +0000  16737 bytes for ./EmbeddedElementCall_EmbeddedElementCall.bundle/dist/assets/screen_share_started-IZDL-kAw.ogg
2026-04-28 23:55:39 +0000  copying file ./EmbeddedElementCall_EmbeddedElementCall.bundle/dist/assets/inter-vietnamese-500-normal-mJboJaSs.woff ... 
2026-04-28 23:55:39 +0000  6596 bytes for ./EmbeddedElementCall_EmbeddedElementCall.bundle/dist/assets/inter-vietnamese-500-normal-mJboJaSs.woff
2026-04-28 23:55:39 +0000  copying file ./EmbeddedElementCall_EmbeddedElementCall.bundle/dist/assets/polyfill-force-C-cqkbSt.js.map ... 
2026-04-28 23:55:39 +0000  350542 bytes for ./EmbeddedElementCall_EmbeddedElementCall.bundle/dist/assets/polyfill-force-C-cqkbSt.js.map
2026-04-28 23:55:39 +0000  copying file ./EmbeddedElementCall_EmbeddedElementCall.bundle/dist/assets/matrix-sdk-crypto-wasm-DMhr4gdY.js.map ... 
2026-04-28 23:55:39 +0000  561378 bytes for ./EmbeddedElementCall_EmbeddedElementCall.bundle/dist/assets/matrix-sdk-crypto-wasm-DMhr4gdY.js.map
2026-04-28 23:55:39 +0000  copying file ./EmbeddedElementCall_EmbeddedElementCall.bundle/dist/assets/raise_hand-CUbxEnt9.ogg ... 
2026-04-28 23:55:39 +0000  6497 bytes for ./EmbeddedElementCall_EmbeddedElementCall.bundle/dist/assets/raise_hand-CUbxEnt9.ogg
2026-04-28 23:55:39 +0000  copying file ./EmbeddedElementCall_EmbeddedElementCall.bundle/dist/assets/inter-cyrillic-ext-700-normal-Cg0zx2i8.woff ... 
2026-04-28 23:55:39 +0000  13440 bytes for ./EmbeddedElementCall_EmbeddedElementCall.bundle/dist/assets/inter-cyrillic-ext-700-normal-Cg0zx2i8.woff
2026-04-28 23:55:39 +0000  copying file ./EmbeddedElementCall_EmbeddedElementCall.bundle/dist/assets/inter-greek-ext-700-normal-SzCdnevJ.woff2 ... 
2026-04-28 23:55:39 +0000  5420 bytes for ./EmbeddedElementCall_EmbeddedElementCall.bundle/dist/assets/inter-greek-ext-700-normal-SzCdnevJ.woff2
2026-04-28 23:55:39 +0000  copying file ./EmbeddedElementCall_EmbeddedElementCall.bundle/dist/assets/lightbulb-BIeJtAR_.ogg ... 
2026-04-28 23:55:39 +0000  9950 bytes for ./EmbeddedElementCall_EmbeddedElementCall.bundle/dist/assets/lightbulb-BIeJtAR_.ogg
2026-04-28 23:55:39 +0000  copying file ./EmbeddedElementCall_EmbeddedElementCall.bundle/dist/assets/generic-BFeSb6fL.mp3 ... 
2026-04-28 23:55:39 +0000  56842 bytes for ./EmbeddedElementCall_EmbeddedElementCall.bundle/dist/assets/generic-BFeSb6fL.mp3
2026-04-28 23:55:39 +0000  copying file ./EmbeddedElementCall_EmbeddedElementCall.bundle/dist/assets/inconsolata-latin-ext-700-normal-D0Kpgs_9.woff2 ... 
2026-04-28 23:55:39 +0000  18452 bytes for ./EmbeddedElementCall_EmbeddedElementCall.bundle/dist/assets/inconsolata-latin-ext-700-normal-D0Kpgs_9.woff2
2026-04-28 23:55:39 +0000  copying file ./EmbeddedElementCall_EmbeddedElementCall.bundle/dist/assets/inter-vietnamese-600-normal-BuLX-rYi.woff ... 
2026-04-28 23:55:39 +0000  6640 bytes for ./EmbeddedElementCall_EmbeddedElementCall.bundle/dist/assets/inter-vietnamese-600-normal-BuLX-rYi.woff
2026-04-28 23:55:39 +0000  copying file ./EmbeddedElementCall_EmbeddedElementCall.bundle/dist/assets/inter-latin-ext-500-normal-CV4jyFjo.woff2 ... 
2026-04-28 23:55:39 +0000  36024 bytes for ./EmbeddedElementCall_EmbeddedElementCall.bundle/dist/assets/inter-latin-ext-500-normal-CV4jyFjo.woff2
2026-04-28 23:55:39 +0000  copying file ./EmbeddedElementCall_EmbeddedElementCall.bundle/dist/assets/inter-latin-ext-700-normal-CfWAu3Qq.woff2 ... 
2026-04-28 23:55:39 +0000  36240 bytes for ./EmbeddedElementCall_EmbeddedElementCall.bundle/dist/assets/inter-latin-ext-700-normal-CfWAu3Qq.woff2
2026-04-28 23:55:39 +0000  copying file ./EmbeddedElementCall_EmbeddedElementCall.bundle/dist/assets/clap-Dxm5qGyl.mp3 ... 
2026-04-28 23:55:39 +0000  137280 bytes for ./EmbeddedElementCall_EmbeddedElementCall.bundle/dist/assets/clap-Dxm5qGyl.mp3
2026-04-28 23:55:39 +0000  copying file ./EmbeddedElementCall_EmbeddedElementCall.bundle/dist/assets/es-app-Q3c7lmEj.json ... 
2026-04-28 23:55:39 +0000  4109 bytes for ./EmbeddedElementCall_EmbeddedElementCall.bundle/dist/assets/es-app-Q3c7lmEj.json
2026-04-28 23:55:39 +0000  copying file ./EmbeddedElementCall_EmbeddedElementCall.bundle/dist/assets/join_call-dEJCP2wD.mp3 ... 
2026-04-28 23:55:39 +0000  11605 bytes for ./EmbeddedElementCall_EmbeddedElementCall.bundle/dist/assets/join_call-dEJCP2wD.mp3
2026-04-28 23:55:39 +0000  copying file ./EmbeddedElementCall_EmbeddedElementCall.bundle/dist/assets/deer-DPSlVch4.ogg ... 
2026-04-28 23:55:39 +0000  17254 bytes for ./EmbeddedElementCall_EmbeddedElementCall.bundle/dist/assets/deer-DPSlVch4.ogg
2026-04-28 23:55:39 +0000  copying file ./EmbeddedElementCall_EmbeddedElementCall.bundle/dist/assets/inter-cyrillic-ext-600-normal-CaqZN2hq.woff2 ... 
2026-04-28 23:55:39 +0000  10456 bytes for ./EmbeddedElementCall_EmbeddedElementCall.bundle/dist/assets/inter-cyrillic-ext-600-normal-CaqZN2hq.woff2
2026-04-28 23:55:39 +0000  copying file ./EmbeddedElementCall_EmbeddedElementCall.bundle/dist/assets/et-app-DLvuR7m2.json ... 
2026-04-28 23:55:39 +0000  12252 bytes for ./EmbeddedElementCall_EmbeddedElementCall.bundle/dist/assets/et-app-DLvuR7m2.json
2026-04-28 23:55:39 +0000  copying file ./EmbeddedElementCall_EmbeddedElementCall.bundle/dist/assets/join_call-DlMV9nHk.ogg ... 
2026-04-28 23:55:39 +0000  10939 bytes for ./EmbeddedElementCall_EmbeddedElementCall.bundle/dist/assets/join_call-DlMV9nHk.ogg
2026-04-28 23:55:39 +0000  copying file ./EmbeddedElementCall_EmbeddedElementCall.bundle/dist/assets/inter-vietnamese-400-normal-DMkecbls.woff2 ... 
2026-04-28 23:55:39 +0000  4972 bytes for ./EmbeddedElementCall_EmbeddedElementCall.bundle/dist/assets/inter-vietnamese-400-normal-DMkecbls.woff2
2026-04-28 23:55:39 +0000  copying file ./EmbeddedElementCall_EmbeddedElementCall.bundle/dist/assets/crickets-DUJdcuUa.ogg ... 
2026-04-28 23:55:39 +0000  30497 bytes for ./EmbeddedElementCall_EmbeddedElementCall.bundle/dist/assets/crickets-DUJdcuUa.ogg
2026-04-28 23:55:39 +0000  copying file ./EmbeddedElementCall_EmbeddedElementCall.bundle/dist/assets/inter-greek-ext-500-normal-1SJLBQ3N.woff ... 
2026-04-28 23:55:39 +0000  7192 bytes for ./EmbeddedElementCall_EmbeddedElementCall.bundle/dist/assets/inter-greek-ext-500-normal-1SJLBQ3N.woff
2026-04-28 23:55:39 +0000  copying file ./EmbeddedElementCall_EmbeddedElementCall.bundle/dist/assets/raise_hand-Bzqn65WB.mp3 ... 
2026-04-28 23:55:39 +0000  12960 bytes for ./EmbeddedElementCall_EmbeddedElementCall.bundle/dist/assets/raise_hand-Bzqn65WB.mp3
2026-04-28 23:55:39 +0000  copying file ./EmbeddedElementCall_EmbeddedElementCall.bundle/dist/assets/inter-cyrillic-600-normal-BGBWG807.woff2 ... 
2026-04-28 23:55:39 +0000  7972 bytes for ./EmbeddedElementCall_EmbeddedElementCall.bundle/dist/assets/inter-cyrillic-600-normal-BGBWG807.woff2
copying file ./EmbeddedElementCall_EmbeddedElementCall.bundle/dist/assets/party-BZPeTgC3.mp3 ... 
2026-04-28 23:55:39 +0000  40800 bytes for ./EmbeddedElementCall_EmbeddedElementCall.bundle/dist/assets/party-BZPeTgC3.mp3
2026-04-28 23:55:39 +0000  copying file ./EmbeddedElementCall_EmbeddedElementCall.bundle/dist/assets/index-DG_IYqWk.js ... 
2026-04-28 23:55:39 +0000  90022 bytes for ./EmbeddedElementCall_EmbeddedElementCall.bundle/dist/assets/index-DG_IYqWk.js
2026-04-28 23:55:39 +0000  copying file ./EmbeddedElementCall_EmbeddedElementCall.bundle/dist/assets/ringtone-B2csBdU4.mp3 ... 
2026-04-28 23:55:39 +0000  7593 bytes for ./EmbeddedElementCall_EmbeddedElementCall.bundle/dist/assets/ringtone-B2csBdU4.mp3
2026-04-28 23:55:39 +0000  copying file ./EmbeddedElementCall_EmbeddedElementCall.bundle/dist/assets/inter-greek-ext-700-normal-D0KHSs-V.woff ... 
2026-04-28 23:55:39 +0000  7212 bytes for ./EmbeddedElementCall_EmbeddedElementCall.bundle/dist/assets/inter-greek-ext-700-normal-D0KHSs-V.woff
2026-04-28 23:55:39 +0000  copying file ./EmbeddedElementCall_EmbeddedElementCall.bundle/dist/assets/inter-greek-ext-500-normal-B6guLgqG.woff2 ... 
2026-04-28 23:55:39 +0000  5404 bytes for ./EmbeddedElementCall_EmbeddedElementCall.bundle/dist/assets/inter-greek-ext-500-normal-B6guLgqG.woff2
2026-04-28 23:55:39 +0000  copying file ./EmbeddedElementCall_EmbeddedElementCall.bundle/dist/assets/sv-app-DHLBEOTp.json ... 
2026-04-28 23:55:39 +0000  11945 bytes for ./EmbeddedElementCall_EmbeddedElementCall.bundle/dist/assets/sv-app-DHLBEOTp.json
2026-04-28 23:55:39 +0000  copying file ./EmbeddedElementCall_EmbeddedElementCall.bundle/dist/assets/inter-latin-ext-400-normal-77YHD8bZ.woff ... 
2026-04-28 23:55:39 +0000  47560 bytes for ./EmbeddedElementCall_EmbeddedElementCall.bundle/dist/assets/inter-latin-ext-400-normal-77YHD8bZ.woff
2026-04-28 23:55:39 +0000  copying file ./EmbeddedElementCall_EmbeddedElementCall.bundle/dist/assets/inter-cyrillic-ext-400-normal-BE2fNs0E.woff ... 
2026-04-28 23:55:39 +0000  13336 bytes for ./EmbeddedElementCall_EmbeddedElementCall.bundle/dist/assets/inter-cyrillic-ext-400-normal-BE2fNs0E.woff
2026-04-28 23:55:39 +0000  copying file ./EmbeddedElementCall_EmbeddedElementCall.bundle/dist/assets/crickets-CcwrRdbq.mp3 ... 
2026-04-28 23:55:39 +0000  129566 bytes for ./EmbeddedElementCall_EmbeddedElementCall.bundle/dist/assets/crickets-CcwrRdbq.mp3
2026-04-28 23:55:39 +0000  copying file ./EmbeddedElementCall_EmbeddedElementCall.bundle/dist/assets/index-DFVSEvlE.css ... 
2026-04-28 23:55:39 +0000  274958 bytes for ./EmbeddedElementCall_EmbeddedElementCall.bundle/dist/assets/index-DFVSEvlE.css
2026-04-28 23:55:39 +0000  copying file ./EmbeddedElementCall_EmbeddedElementCall.bundle/dist/assets/da-app-BBz-lePm.json ... 
2026-04-28 23:55:39 +0000  12001 bytes for ./EmbeddedElementCall_EmbeddedElementCall.bundle/dist/assets/da-app-BBz-lePm.json
2026-04-28 23:55:39 +0000  copying file ./EmbeddedElementCall_EmbeddedElementCall.bundle/dist/assets/it-app-Cik25Qgd.json ... 
2026-04-28 23:55:39 +0000  10414 bytes for ./EmbeddedElementCall_EmbeddedElementCall.bundle/dist/assets/it-app-Cik25Qgd.json
2026-04-28 23:55:39 +0000  copying file ./EmbeddedElementCall_EmbeddedElementCall.bundle/dist/assets/inter-latin-ext-600-normal-CIVaiw4L.woff ... 
2026-04-28 23:55:39 +0000  48668 bytes for ./EmbeddedElementCall_EmbeddedElementCall.bundle/dist/assets/inter-latin-ext-600-normal-CIVaiw4L.woff
2026-04-28 23:55:39 +0000  copying file ./EmbeddedElementCall_EmbeddedElementCall.bundle/dist/assets/inter-greek-600-normal-BVGIV3oK.woff ... 
2026-04-28 23:55:39 +0000  10032 bytes for ./EmbeddedElementCall_EmbeddedElementCall.bundle/dist/assets/inter-greek-600-normal-BVGIV3oK.woff
2026-04-28 23:55:39 +0000  copying file ./EmbeddedElementCall_EmbeddedElementCall.bundle/dist/assets/inter-greek-400-normal-C3I71FoW.woff ... 
2026-04-28 23:55:39 +0000  9924 bytes for ./EmbeddedElementCall_EmbeddedElementCall.bundle/dist/assets/inter-greek-400-normal-C3I71FoW.woff
2026-04-28 23:55:39 +0000  copying file ./EmbeddedElementCall_EmbeddedElementCall.bundle/dist/assets/inconsolata-vietnamese-700-normal-DuasYmn8.woff2 ... 
2026-04-28 23:55:39 +0000  8476 bytes for ./EmbeddedElementCall_EmbeddedElementCall.bundle/dist/assets/inconsolata-vietnamese-700-normal-DuasYmn8.woff2
2026-04-28 23:55:39 +0000  copying file ./EmbeddedElementCall_EmbeddedElementCall.bundle/dist/assets/fi-app-tnO3DMdi.json ... 
2026-04-28 23:55:39 +0000  11360 bytes for ./EmbeddedElementCall_EmbeddedElementCall.bundle/dist/assets/fi-app-tnO3DMdi.json
2026-04-28 23:55:39 +0000  copying file ./EmbeddedElementCall_EmbeddedElementCall.bundle/dist/assets/call_declined-1jWRbd4p.mp3 ... 
2026-04-28 23:55:39 +0000  8601 bytes for ./EmbeddedElementCall_EmbeddedElementCall.bundle/dist/assets/call_declined-1jWRbd4p.mp3
2026-04-28 23:55:39 +0000  copying file ./EmbeddedElementCall_EmbeddedElementCall.bundle/dist/assets/inter-latin-ext-700-normal-Z3s-4e5M.woff ... 
2026-04-28 23:55:39 +0000  48628 bytes for ./EmbeddedElementCall_EmbeddedElementCall.bundle/dist/assets/inter-latin-ext-700-normal-Z3s-4e5M.woff
2026-04-28 23:55:39 +0000  copying file ./EmbeddedElementCall_EmbeddedElementCall.bundle/dist/assets/spa-3dms9gnk.js.map ... 
2026-04-28 23:55:39 +0000  2918 bytes for ./EmbeddedElementCall_EmbeddedElementCall.bundle/dist/assets/spa-3dms9gnk.js.map
2026-04-28 23:55:39 +0000  copying file ./EmbeddedElementCall_EmbeddedElementCall.bundle/dist/assets/inter-greek-500-normal-CSBZZ4CI.woff ... 
2026-04-28 23:55:39 +0000  9980 bytes for ./EmbeddedElementCall_EmbeddedElementCall.bundle/dist/assets/inter-greek-500-normal-CSBZZ4CI.woff
2026-04-28 23:55:39 +0000  copying file ./EmbeddedElementCall_EmbeddedElementCall.bundle/dist/assets/polyfill-force-C5_YvYDd.js ... 
2026-04-28 23:55:39 +0000  29572 bytes for ./EmbeddedElementCall_EmbeddedElementCall.bundle/dist/assets/polyfill-force-C5_YvYDd.js
2026-04-28 23:55:39 +0000  copying file ./EmbeddedElementCall_EmbeddedElementCall.bundle/dist/assets/inter-vietnamese-700-normal-DL6eWghQ.woff ... 
2026-04-28 23:55:39 +0000  6632 bytes for ./EmbeddedElementCall_EmbeddedElementCall.bundle/dist/assets/inter-vietnamese-700-normal-DL6eWghQ.woff
2026-04-28 23:55:39 +0000  copying file ./EmbeddedElementCall_EmbeddedElementCall.bundle/dist/assets/clap-AxCMZLTd.ogg ... 
2026-04-28 23:55:39 +0000  51642 bytes for ./EmbeddedElementCall_EmbeddedElementCall.bundle/dist/assets/clap-AxCMZLTd.ogg
2026-04-28 23:55:39 +0000  copying file ./EmbeddedElementCall_EmbeddedElementCall.bundle/dist/assets/inconsolata-latin-400-normal-HYADljCo.woff ... 
2026-04-28 23:55:39 +0000  16284 bytes for ./EmbeddedElementCall_EmbeddedElementCall.bundle/dist/assets/inconsolata-latin-400-normal-HYADljCo.woff
2026-04-28 23:55:39 +0000  copying file ./EmbeddedElementCall_EmbeddedElementCall.bundle/dist/assets/inter-cyrillic-500-normal-BoeW9iIj.woff ... 
2026-04-28 23:55:39 +0000  9940 bytes for ./EmbeddedElementCall_EmbeddedElementCall.bundle/dist/assets/inter-cyrillic-500-normal-BoeW9iIj.woff
2026-04-28 23:55:39 +0000  copying file ./EmbeddedElementCall_EmbeddedElementCall.bundle/dist/assets/index-BHYrFcE-.js.map ... 
2026-04-28 23:55:39 +0000  525944 bytes for ./EmbeddedElementCall_EmbeddedElementCall.bundle/dist/assets/index-BHYrFcE-.js.map
2026-04-28 23:55:39 +0000  copying file ./EmbeddedElementCall_EmbeddedElementCall.bundle/dist/assets/inconsolata-latin-700-normal-ByjKuJjN.woff2 ... 
2026-04-28 23:55:39 +0000  17960 bytes for ./EmbeddedElementCall_EmbeddedElementCall.bundle/dist/assets/inconsolata-latin-700-normal-ByjKuJjN.woff2
2026-04-28 23:55:39 +0000  copying file ./EmbeddedElementCall_EmbeddedElementCall.bundle/dist/assets/deer-91r1Gyrx.mp3 ... 
2026-04-28 23:55:39 +0000  18284 bytes for ./EmbeddedElementCall_EmbeddedElementCall.bundle/dist/assets/deer-91r1Gyrx.mp3
2026-04-28 23:55:39 +0000  copying file ./EmbeddedElementCall_EmbeddedElementCall.bundle/dist/assets/livekit-client.e2ee.worker-DjoLe7BK.js.map ... 
2026-04-28 23:55:39 +0000  143969 bytes for ./EmbeddedElementCall_EmbeddedElementCall.bundle/dist/assets/livekit-client.e2ee.worker-DjoLe7BK.js.map
2026-04-28 23:55:39 +0000  copying file ./EmbeddedElementCall_EmbeddedElementCall.bundle/dist/assets/inter-cyrillic-600-normal-vZ-N8GHY.woff ... 
2026-04-28 23:55:39 +0000  9936 bytes for ./EmbeddedElementCall_EmbeddedElementCall.bundle/dist/assets/inter-cyrillic-600-normal-vZ-N8GHY.woff
2026-04-28 23:55:39 +0000  copying file ./EmbeddedElementCall_EmbeddedElementCall.bundle/dist/assets/index-BHYrFcE-.js ... 
2026-04-28 23:55:39 +0000  101632 bytes for ./EmbeddedElementCall_EmbeddedElementCall.bundle/dist/assets/index-BHYrFcE-.js
2026-04-28 23:55:39 +0000  copying file ./EmbeddedElementCall_EmbeddedElementCall.bundle/dist/assets/inter-greek-700-normal-Cxpycf-U.woff2 ... 
2026-04-28 23:55:39 +0000  7932 bytes for ./EmbeddedElementCall_EmbeddedElementCall.bundle/dist/assets/inter-greek-700-normal-Cxpycf-U.woff2
2026-04-28 23:55:39 +0000  copying file ./EmbeddedElementCall_EmbeddedElementCall.bundle/dist/assets/lv-app-D-ZV3Ytk.json ... 
2026-04-28 23:55:39 +0000  11367 bytes for ./EmbeddedElementCall_EmbeddedElementCall.bundle/dist/assets/lv-app-D-ZV3Ytk.json
2026-04-28 23:55:39 +0000  copying file ./EmbeddedElementCall_EmbeddedElementCall.bundle/dist/assets/inter-greek-600-normal-Dhlb-90d.woff2 ... 
2026-04-28 23:55:39 +0000  7956 bytes for ./EmbeddedElementCall_EmbeddedElementCall.bundle/dist/assets/inter-greek-600-normal-Dhlb-90d.woff2
2026-04-28 23:55:39 +0000  copying file ./EmbeddedElementCall_EmbeddedElementCall.bundle/dist/assets/cat-Dd8bv_2W.mp3 ... 
2026-04-28 23:55:39 +0000  23040 bytes for ./EmbeddedElementCall_EmbeddedElementCall.bundle/dist/assets/cat-Dd8bv_2W.mp3
2026-04-28 23:55:39 +0000  copying file ./EmbeddedElementCall_EmbeddedElementCall.bundle/dist/assets/inter-latin-ext-600-normal-D2bJ5OIk.woff2 ... 
2026-04-28 23:55:39 +0000  36260 bytes for ./EmbeddedElementCall_EmbeddedElementCall.bundle/dist/assets/inter-latin-ext-600-normal-D2bJ5OIk.woff2
2026-04-28 23:55:39 +0000  copying file ./EmbeddedElementCall_EmbeddedElementCall.bundle/dist/assets/inter-latin-ext-500-normal-BxGbmqWO.woff ... 
2026-04-28 23:55:39 +0000  48492 bytes for ./EmbeddedElementCall_EmbeddedElementCall.bundle/dist/assets/inter-latin-ext-500-normal-BxGbmqWO.woff
2026-04-28 23:55:39 +0000  copying file ./EmbeddedElementCall_EmbeddedElementCall.bundle/dist/assets/index-DG_IYqWk.js.map ... 
2026-04-28 23:55:39 +0000  402713 bytes for ./EmbeddedElementCall_EmbeddedElementCall.bundle/dist/assets/index-DG_IYqWk.js.map
2026-04-28 23:55:39 +0000  copying file ./EmbeddedElementCall_EmbeddedElementCall.bundle/dist/assets/call_timeout-DPKAj6sz.ogg ... 
2026-04-28 23:55:39 +0000  11231 bytes for ./EmbeddedElementCall_EmbeddedElementCall.bundle/dist/assets/call_timeout-DPKAj6sz.ogg
2026-04-28 23:55:39 +0000  copying file ./EmbeddedElementCall_EmbeddedElementCall.bundle/dist/assets/inter-vietnamese-400-normal-Bbgyi5SW.woff ... 
2026-04-28 23:55:39 +0000  6500 bytes for ./EmbeddedElementCall_EmbeddedElementCall.bundle/dist/assets/inter-vietnamese-400-normal-Bbgyi5SW.woff
2026-04-28 23:55:39 +0000  copying file ./EmbeddedElementCall_EmbeddedElementCall.bundle/dist/assets/polyfill-force-C5_YvYDd.js.map ... 
2026-04-28 23:55:39 +0000  137852 bytes for ./EmbeddedElementCall_EmbeddedElementCall.bundle/dist/assets/polyfill-force-C5_YvYDd.js.map
2026-04-28 23:55:39 +0000  copying file ./EmbeddedElementCall_EmbeddedElementCall.bundle/dist/assets/cat-4r_NkDcK.ogg ... 
2026-04-28 23:55:39 +0000  18482 bytes for ./EmbeddedElementCall_EmbeddedElementCall.bundle/dist/assets/cat-4r_NkDcK.ogg
2026-04-28 23:55:39 +0000  copying file ./EmbeddedElementCall_EmbeddedElementCall.bundle/dist/assets/ro-app-CdYgKCOW.json ... 
2026-04-28 23:55:39 +0000  11211 bytes for ./EmbeddedElementCall_EmbeddedElementCall.bundle/dist/assets/ro-app-CdYgKCOW.json
2026-04-28 23:55:39 +0000  copying file ./EmbeddedElementCall_EmbeddedElementCall.bundle/dist/assets/inter-cyrillic-ext-500-normal-NrhEyngK.woff ... 
2026-04-28 23:55:39 +0000  13444 bytes for ./EmbeddedElementCall_EmbeddedElementCall.bundle/dist/assets/inter-cyrillic-ext-500-normal-NrhEyngK.woff
2026-04-28 23:55:39 +0000  copying file ./EmbeddedElementCall_EmbeddedElementCall.bundle/dist/assets/en-app-I8blcx-e.json ... 
2026-04-28 23:55:39 +0000  11387 bytes for ./EmbeddedElementCall_EmbeddedElementCall.bundle/dist/assets/en-app-I8blcx-e.json
2026-04-28 23:55:39 +0000  copying file ./EmbeddedElementCall_EmbeddedElementCall.bundle/dist/assets/ja-app-Cp_00ujI.json ... 
2026-04-28 23:55:39 +0000  6077 bytes for ./EmbeddedElementCall_EmbeddedElementCall.bundle/dist/assets/ja-app-Cp_00ujI.json
2026-04-28 23:55:39 +0000  copying file ./EmbeddedElementCall_EmbeddedElementCall.bundle/dist/assets/uk-app-DZD01h76.json ... 
2026-04-28 23:55:39 +0000  15646 bytes for ./EmbeddedElementCall_EmbeddedElementCall.bundle/dist/assets/uk-app-DZD01h76.json
2026-04-28 23:55:39 +0000  copying file ./EmbeddedElementCall_EmbeddedElementCall.bundle/dist/assets/inter-cyrillic-ext-700-normal-ClVoMEGq.woff2 ... 
2026-04-28 23:55:39 +0000  10464 bytes for ./EmbeddedElementCall_EmbeddedElementCall.bundle/dist/assets/inter-cyrillic-ext-700-normal-ClVoMEGq.woff2
2026-04-28 23:55:39 +0000  copying file ./EmbeddedElementCall_EmbeddedElementCall.bundle/dist/assets/livekit-client.e2ee.worker-DjoLe7BK.js ... 
2026-04-28 23:55:39 +0000  35609 bytes for ./EmbeddedElementCall_EmbeddedElementCall.bundle/dist/assets/livekit-client.e2ee.worker-DjoLe7BK.js
2026-04-28 23:55:39 +0000  copying file ./EmbeddedElementCall_EmbeddedElementCall.bundle/dist/assets/inter-latin-700-normal-Drs_5D37.woff2 ... 
2026-04-28 23:55:39 +0000  24248 bytes for ./EmbeddedElementCall_EmbeddedElementCall.bundle/dist/assets/inter-latin-700-normal-Drs_5D37.woff2
2026-04-28 23:55:39 +0000  copying file ./EmbeddedElementCall_EmbeddedElementCall.bundle/dist/assets/inconsolata-latin-ext-400-normal-BaHVOdFB.woff2 ... 
2026-04-28 23:55:39 +0000  18232 bytes for ./EmbeddedElementCall_EmbeddedElementCall.bundle/dist/assets/inconsolata-latin-ext-400-normal-BaHVOdFB.woff2
2026-04-28 23:55:39 +0000  copying file ./EmbeddedElementCall_EmbeddedElementCall.bundle/dist/assets/inter-vietnamese-700-normal-CGpBpxLq.woff2 ... 
2026-04-28 23:55:39 +0000  5196 bytes for ./EmbeddedElementCall_EmbeddedElementCall.bundle/dist/assets/inter-vietnamese-700-normal-CGpBpxLq.woff2
2026-04-28 23:55:39 +0000  copying file ./EmbeddedElementCall_EmbeddedElementCall.bundle/dist/assets/rock-BVCJXNC-.ogg ... 
2026-04-28 23:55:39 +0000  33435 bytes for ./EmbeddedElementCall_EmbeddedElementCall.bundle/dist/assets/rock-BVCJXNC-.ogg
2026-04-28 23:55:39 +0000  copying file ./EmbeddedElementCall_EmbeddedElementCall.bundle/dist/assets/fr-app-BxTYbDfK.json ... 
2026-04-28 23:55:39 +0000  5229 bytes for ./EmbeddedElementCall_EmbeddedElementCall.bundle/dist/assets/fr-app-BxTYbDfK.json
2026-04-28 23:55:39 +0000  copying file ./EmbeddedElementCall_EmbeddedElementCall.bundle/dist/assets/inter-cyrillic-400-normal-alAqRL36.woff ... 
2026-04-28 23:55:39 +0000  9780 bytes for ./EmbeddedElementCall_EmbeddedElementCall.bundle/dist/assets/inter-cyrillic-400-normal-alAqRL36.woff
2026-04-28 23:55:39 +0000  copying file ./EmbeddedElementCall_EmbeddedElementCall.bundle/dist/assets/inter-cyrillic-ext-400-normal-Dc4VJyIJ.woff2 ... 
2026-04-28 23:55:39 +0000  10216 bytes for ./EmbeddedElementCall_EmbeddedElementCall.bundle/dist/assets/inter-cyrillic-ext-400-normal-Dc4VJyIJ.woff2
2026-04-28 23:55:39 +0000  copying file ./EmbeddedElementCall_EmbeddedElementCall.bundle/dist/assets/inconsolata-vietnamese-400-normal-ByiM2lek.woff ... 
2026-04-28 23:55:39 +0000  6092 bytes for ./EmbeddedElementCall_EmbeddedElementCall.bundle/dist/assets/inconsolata-vietnamese-400-normal-ByiM2lek.woff
2026-04-28 23:55:39 +0000  copying file ./EmbeddedElementCall_EmbeddedElementCall.bundle/dist/assets/inter-cyrillic-700-normal-bGtGjVdZ.woff2 ... 
2026-04-28 23:55:39 +0000  8004 bytes for ./EmbeddedElementCall_EmbeddedElementCall.bundle/dist/assets/inter-cyrillic-700-normal-bGtGjVdZ.woff2
2026-04-28 23:55:39 +0000  copying file ./EmbeddedElementCall_EmbeddedElementCall.bundle/dist/assets/IndexedDBWorker-DiQk_BNn.js ... 
2026-04-28 23:55:39 +0000  101305 bytes for ./EmbeddedElementCall_EmbeddedElementCall.bundle/dist/assets/IndexedDBWorker-DiQk_BNn.js
2026-04-28 23:55:39 +0000  copying file ./EmbeddedElementCall_EmbeddedElementCall.bundle/dist/assets/id-app-BEz8ptLJ.json ... 
2026-04-28 23:55:39 +0000  11310 bytes for ./EmbeddedElementCall_EmbeddedElementCall.bundle/dist/assets/id-app-BEz8ptLJ.json
2026-04-28 23:55:39 +0000  copying file ./EmbeddedElementCall_EmbeddedElementCall.bundle/dist/assets/inter-latin-600-normal-CiBQ2DWP.woff ... 
2026-04-28 23:55:39 +0000  31260 bytes for ./EmbeddedElementCall_EmbeddedElementCall.bundle/dist/assets/inter-latin-600-normal-CiBQ2DWP.woff
2026-04-28 23:55:39 +0000  copying file ./EmbeddedElementCall_EmbeddedElementCall.bundle/dist/assets/inter-latin-600-normal-LgqL8muc.woff2 ... 
2026-04-28 23:55:39 +0000  24452 bytes for ./EmbeddedElementCall_EmbeddedElementCall.bundle/dist/assets/inter-latin-600-normal-LgqL8muc.woff2
2026-04-28 23:55:39 +0000  copying file ./EmbeddedElementCall_EmbeddedElementCall.bundle/dist/assets/inter-cyrillic-ext-500-normal-BShVwWPj.woff2 ... 
2026-04-28 23:55:39 +0000  10436 bytes for ./EmbeddedElementCall_EmbeddedElementCall.bundle/dist/assets/inter-cyrillic-ext-500-normal-BShVwWPj.woff2
copying file ./EmbeddedElementCall_EmbeddedElementCall.bundle/dist/assets/rock-CHdnB31m.mp3 ... 
2026-04-28 23:55:39 +0000  40946 bytes for ./EmbeddedElementCall_EmbeddedElementCall.bundle/dist/assets/rock-CHdnB31m.mp3
2026-04-28 23:55:39 +0000  copying file ./EmbeddedElementCall_EmbeddedElementCall.bundle/dist/assets/screen_share_started-DH3qxml5.mp3 ... 
2026-04-28 23:55:39 +0000  17323 bytes for ./EmbeddedElementCall_EmbeddedElementCall.bundle/dist/assets/screen_share_started-DH3qxml5.mp3
2026-04-28 23:55:39 +0000  copying file ./EmbeddedElementCall_EmbeddedElementCall.bundle/dist/assets/call_timeout-BCxXxRD8.mp3 ... 
2026-04-28 23:55:39 +0000  8025 bytes for ./EmbeddedElementCall_EmbeddedElementCall.bundle/dist/assets/call_timeout-BCxXxRD8.mp3
2026-04-28 23:55:39 +0000  copying file ./EmbeddedElementCall_EmbeddedElementCall.bundle/dist/assets/tr-app-Dk--6BpP.json ... 
2026-04-28 23:55:39 +0000  9771 bytes for ./EmbeddedElementCall_EmbeddedElementCall.bundle/dist/assets/tr-app-Dk--6BpP.json
copying file ./EmbeddedElementCall_EmbeddedElementCall.bundle/dist/assets/inter-latin-700-normal-KTwiWvO9.woff ... 
2026-04-28 23:55:39 +0000  31304 bytes for ./EmbeddedElementCall_EmbeddedElementCall.bundle/dist/assets/inter-latin-700-normal-KTwiWvO9.woff
2026-04-28 23:55:39 +0000  copying file ./EmbeddedElementCall_EmbeddedElementCall.bundle/dist/assets/inter-greek-ext-400-normal-Bput3-QP.woff2 ... 
2026-04-28 23:55:39 +0000  5232 bytes for ./EmbeddedElementCall_EmbeddedElementCall.bundle/dist/assets/inter-greek-ext-400-normal-Bput3-QP.woff2
copying file ./EmbeddedElementCall_EmbeddedElementCall.bundle/dist/assets/pako.esm-Bt8vjcgE.js ... 
2026-04-28 23:55:39 +0000  29121 bytes for ./EmbeddedElementCall_EmbeddedElementCall.bundle/dist/assets/pako.esm-Bt8vjcgE.js
2026-04-28 23:55:39 +0000  copying file ./EmbeddedElementCall_EmbeddedElementCall.bundle/dist/assets/pako.esm-Bt8vjcgE.js.map ... 
2026-04-28 23:55:39 +0000  283069 bytes for ./EmbeddedElementCall_EmbeddedElementCall.bundle/dist/assets/pako.esm-Bt8vjcgE.js.map
2026-04-28 23:55:39 +0000  copying file ./EmbeddedElementCall_EmbeddedElementCall.bundle/dist/assets/inter-greek-ext-600-normal-Cnui8OiR.woff2 ... 
2026-04-28 23:55:39 +0000  5432 bytes for ./EmbeddedElementCall_EmbeddedElementCall.bundle/dist/assets/inter-greek-ext-600-normal-Cnui8OiR.woff2
2026-04-28 23:55:39 +0000  copying file ./EmbeddedElementCall_EmbeddedElementCall.bundle/dist/assets/inter-greek-700-normal-DtGkhywV.woff ... 
2026-04-28 23:55:39 +0000  9976 bytes for ./EmbeddedElementCall_EmbeddedElementCall.bundle/dist/assets/inter-greek-700-normal-DtGkhywV.woff
2026-04-28 23:55:39 +0000  copying file ./EmbeddedElementCall_EmbeddedElementCall.bundle/dist/assets/inconsolata-vietnamese-700-normal-DLCFFAUf.woff ... 
2026-04-28 23:55:39 +0000  6304 bytes for ./EmbeddedElementCall_EmbeddedElementCall.bundle/dist/assets/inconsolata-vietnamese-700-normal-DLCFFAUf.woff
2026-04-28 23:55:39 +0000  copying file ./EmbeddedElementCall_EmbeddedElementCall.bundle/dist/assets/IndexedDBWorker-DiQk_BNn.js.map ... 
2026-04-28 23:55:39 +0000  166080 bytes for ./EmbeddedElementCall_EmbeddedElementCall.bundle/dist/assets/IndexedDBWorker-DiQk_BNn.js.map
2026-04-28 23:55:39 +0000  copying file ./EmbeddedElementCall_EmbeddedElementCall.bundle/dist/assets/lightbulb-BrnY00qi.mp3 ... 
2026-04-28 23:55:39 +0000  36096 bytes for ./EmbeddedElementCall_EmbeddedElementCall.bundle/dist/assets/lightbulb-BrnY00qi.mp3
2026-04-28 23:55:39 +0000  copying file ./EmbeddedElementCall_EmbeddedElementCall.bundle/dist/assets/ringtone-B-nJXbbw.ogg ... 
2026-04-28 23:55:39 +0000  11425 bytes for ./EmbeddedElementCall_EmbeddedElementCall.bundle/dist/assets/ringtone-B-nJXbbw.ogg
2026-04-28 23:55:39 +0000  copying file ./EmbeddedElementCall_EmbeddedElementCall.bundle/dist/assets/inter-latin-ext-400-normal-C1nco2VV.woff2 ... 
2026-04-28 23:55:39 +0000  35000 bytes for ./EmbeddedElementCall_EmbeddedElementCall.bundle/dist/assets/inter-latin-ext-400-normal-C1nco2VV.woff2
copying file ./EmbeddedElementCall_EmbeddedElementCall.bundle/dist/assets/left_call-C7NMl6WI.ogg ... 
2026-04-28 23:55:39 +0000  10634 bytes for ./EmbeddedElementCall_EmbeddedElementCall.bundle/dist/assets/left_call-C7NMl6WI.ogg
copying file ./EmbeddedElementCall_EmbeddedElementCall.bundle/dist/assets/inter-latin-400-normal-CyCys3Eg.woff ... 
2026-04-28 23:55:39 +0000  30696 bytes for ./EmbeddedElementCall_EmbeddedElementCall.bundle/dist/assets/inter-latin-400-normal-CyCys3Eg.woff
2026-04-28 23:55:39 +0000  copying file ./EmbeddedElementCall_EmbeddedElementCall.bundle/dist/assets/inconsolata-latin-ext-400-normal-yvPjCxxx.woff ... 
2026-04-28 23:55:39 +0000  17196 bytes for ./EmbeddedElementCall_EmbeddedElementCall.bundle/dist/assets/inconsolata-latin-ext-400-normal-yvPjCxxx.woff
2026-04-28 23:55:39 +0000  copying file ./EmbeddedElementCall_EmbeddedElementCall.bundle/dist/assets/zh-Hans-app-BY5jJGyr.json ... 
2026-04-28 23:55:39 +0000  5275 bytes for ./EmbeddedElementCall_EmbeddedElementCall.bundle/dist/assets/zh-Hans-app-BY5jJGyr.json
2026-04-28 23:55:39 +0000  copying file ./EmbeddedElementCall_EmbeddedElementCall.bundle/dist/assets/vision_wasm_internal-CEyeacG0.js ... 
2026-04-28 23:55:39 +0000  204284 bytes for ./EmbeddedElementCall_EmbeddedElementCall.bundle/dist/assets/vision_wasm_internal-CEyeacG0.js
2026-04-28 23:55:39 +0000  copying file ./EmbeddedElementCall_EmbeddedElementCall.bundle/dist/assets/inter-cyrillic-500-normal-D4Vwzodn.woff2 ... 
2026-04-28 23:55:39 +0000  7904 bytes for ./EmbeddedElementCall_EmbeddedElementCall.bundle/dist/assets/inter-cyrillic-500-normal-D4Vwzodn.woff2
2026-04-28 23:55:39 +0000  copying file ./EmbeddedElementCall_EmbeddedElementCall.bundle/dist/assets/inter-vietnamese-500-normal-DOriooB6.woff2 ... 
2026-04-28 23:55:39 +0000  5112 bytes for ./EmbeddedElementCall_EmbeddedElementCall.bundle/dist/assets/inter-vietnamese-500-normal-DOriooB6.woff2
2026-04-28 23:55:39 +0000  copying file ./EmbeddedElementCall_EmbeddedElementCall.bundle/dist/assets/inter-latin-400-normal-C38fXH4l.woff2 ... 
2026-04-28 23:55:39 +0000  23664 bytes for ./EmbeddedElementCall_EmbeddedElementCall.bundle/dist/assets/inter-latin-400-normal-C38fXH4l.woff2
2026-04-28 23:55:39 +0000  copying file ./EmbeddedElementCall_EmbeddedElementCall.bundle/dist/assets/inter-latin-500-normal-Cerq10X2.woff2 ... 
2026-04-28 23:55:39 +0000  24272 bytes for ./EmbeddedElementCall_EmbeddedElementCall.bundle/dist/assets/inter-latin-500-normal-Cerq10X2.woff2
2026-04-28 23:55:39 +0000  copying file ./EmbeddedElementCall_EmbeddedElementCall.bundle/dist/assets/baduntss-Ca1ZuBEK.ogg ... 
2026-04-28 23:55:39 +0000  77921 bytes for ./EmbeddedElementCall_EmbeddedElementCall.bundle/dist/assets/baduntss-Ca1ZuBEK.ogg
2026-04-28 23:55:39 +0000  copying file ./EmbeddedElementCall_EmbeddedElementCall.bundle/dist/assets/matrix_sdk_crypto_wasm_bg-dMeGppz-.wasm ... 
2026-04-28 23:55:39 +0000  5513879 bytes for ./EmbeddedElementCall_EmbeddedElementCall.bundle/dist/assets/matrix_sdk_crypto_wasm_bg-dMeGppz-.wasm
copying file ./EmbeddedElementCall_EmbeddedElementCall.bundle/dist/assets/de-app-DjOuqT-j.json ... 
2026-04-28 23:55:39 +0000  12727 bytes for ./EmbeddedElementCall_EmbeddedElementCall.bundle/dist/assets/de-app-DjOuqT-j.json
2026-04-28 23:55:39 +0000  copying file ./EmbeddedElementCall_EmbeddedElementCall.bundle/dist/assets/inter-greek-ext-400-normal-XIH6-K3k.woff ... 
2026-04-28 23:55:39 +0000  7064 bytes for ./EmbeddedElementCall_EmbeddedElementCall.bundle/dist/assets/inter-greek-ext-400-normal-XIH6-K3k.woff
2026-04-28 23:55:39 +0000  copying file ./EmbeddedElementCall_EmbeddedElementCall.bundle/Info.plist ... 
2026-04-28 23:55:39 +0000  721 bytes for ./EmbeddedElementCall_EmbeddedElementCall.bundle/Info.plist
2026-04-28 23:55:39 +0000  copying file ./nb.lproj/Localizable.strings ... 
2026-04-28 23:55:39 +0000  155531 bytes for ./nb.lproj/Localizable.strings
2026-04-28 23:55:39 +0000  copying file ./nb.lproj/InfoPlist.strings ... 
2026-04-28 23:55:39 +0000  816 bytes for ./nb.lproj/InfoPlist.strings
2026-04-28 23:55:39 +0000  copying file ./nb.lproj/Localizable.stringsdict ... 
2026-04-28 23:55:39 +0000  3782 bytes for ./nb.lproj/Localizable.stringsdict
2026-04-28 23:55:39 +0000  copying file ./CompoundDesignTokens_CompoundDesignTokens.bundle/Assets.car ... 
2026-04-28 23:55:39 +0000  1209912 bytes for ./CompoundDesignTokens_CompoundDesignTokens.bundle/Assets.car
2026-04-28 23:55:39 +0000  copying file ./CompoundDesignTokens_CompoundDesignTokens.bundle/theme.iife.js ... 
2026-04-28 23:55:39 +0000  128928 bytes for ./CompoundDesignTokens_CompoundDesignTokens.bundle/theme.iife.js
2026-04-28 23:55:39 +0000  copying file ./CompoundDesignTokens_CompoundDesignTokens.bundle/Info.plist ... 
2026-04-28 23:55:39 +0000  728 bytes for ./CompoundDesignTokens_CompoundDesignTokens.bundle/Info.plist
2026-04-28 23:55:39 +0000  copying file ./es.lproj/SAS.strings ... 
2026-04-28 23:55:39 +0000  1401 bytes for ./es.lproj/SAS.strings
2026-04-28 23:55:39 +0000  copying file ./es.lproj/Localizable.strings ... 
2026-04-28 23:55:39 +0000  162015 bytes for ./es.lproj/Localizable.strings
2026-04-28 23:55:39 +0000  copying file ./es.lproj/InfoPlist.strings ... 
2026-04-28 23:55:39 +0000  970 bytes for ./es.lproj/InfoPlist.strings
2026-04-28 23:55:39 +0000  copying file ./es.lproj/Localizable.stringsdict ... 
2026-04-28 23:55:39 +0000  4351 bytes for ./es.lproj/Localizable.stringsdict
2026-04-28 23:55:39 +0000  copying file ./Settings.bundle/de.lproj/Acknowledgements.strings ... 
2026-04-28 23:55:39 +0000  24 bytes for ./Settings.bundle/de.lproj/Acknowledgements.strings
2026-04-28 23:55:39 +0000  copying file ./Settings.bundle/de.lproj/Root.strings ... 
2026-04-28 23:55:39 +0000  36 bytes for ./Settings.bundle/de.lproj/Root.strings
2026-04-28 23:55:39 +0000  copying file ./Settings.bundle/ar.lproj/Acknowledgements.strings ... 
2026-04-28 23:55:39 +0000  32 bytes for ./Settings.bundle/ar.lproj/Acknowledgements.strings
2026-04-28 23:55:39 +0000  copying file ./Settings.bundle/ar.lproj/Root.strings ... 
2026-04-28 23:55:39 +0000  32 bytes for ./Settings.bundle/ar.lproj/Root.strings
2026-04-28 23:55:39 +0000  copying file ./Settings.bundle/zh-hans.lproj/Acknowledgements.strings ... 
2026-04-28 23:55:39 +0000  25 bytes for ./Settings.bundle/zh-hans.lproj/Acknowledgements.strings
2026-04-28 23:55:39 +0000  copying file ./Settings.bundle/zh-hans.lproj/Root.strings ... 
2026-04-28 23:55:39 +0000  30 bytes for ./Settings.bundle/zh-hans.lproj/Root.strings
2026-04-28 23:55:39 +0000  copying file ./Settings.bundle/ja.lproj/Acknowledgements.strings ... 
2026-04-28 23:55:39 +0000  31 bytes for ./Settings.bundle/ja.lproj/Acknowledgements.strings
2026-04-28 23:55:39 +0000  copying file ./Settings.bundle/ja.lproj/Root.strings ... 
2026-04-28 23:55:39 +0000  30 bytes for ./Settings.bundle/ja.lproj/Root.strings
2026-04-28 23:55:39 +0000  copying file ./Settings.bundle/en.lproj/Acknowledgements.strings ... 
2026-04-28 23:55:39 +0000  24 bytes for ./Settings.bundle/en.lproj/Acknowledgements.strings
2026-04-28 23:55:39 +0000  copying file ./Settings.bundle/en.lproj/Root.strings ... 
2026-04-28 23:55:39 +0000  40 bytes for ./Settings.bundle/en.lproj/Root.strings
2026-04-28 23:55:39 +0000  copying file ./Settings.bundle/uk.lproj/Acknowledgements.strings ... 
2026-04-28 23:55:39 +0000  32 bytes for ./Settings.bundle/uk.lproj/Acknowledgements.strings
copying file ./Settings.bundle/uk.lproj/Root.strings ... 
2026-04-28 23:55:39 +0000  36 bytes for ./Settings.bundle/uk.lproj/Root.strings
2026-04-28 23:55:39 +0000  copying file ./Settings.bundle/es.lproj/Acknowledgements.strings ... 
2026-04-28 23:55:39 +0000  25 bytes for ./Settings.bundle/es.lproj/Acknowledgements.strings
2026-04-28 23:55:39 +0000  copying file ./Settings.bundle/es.lproj/Root.strings ... 
2026-04-28 23:55:39 +0000  47 bytes for ./Settings.bundle/es.lproj/Root.strings
2026-04-28 23:55:39 +0000  copying file ./Settings.bundle/it.lproj/Acknowledgements.strings ... 
2026-04-28 23:55:39 +0000  23 bytes for ./Settings.bundle/it.lproj/Acknowledgements.strings
2026-04-28 23:55:39 +0000  copying file ./Settings.bundle/it.lproj/Root.strings ... 
2026-04-28 23:55:39 +0000  38 bytes for ./Settings.bundle/it.lproj/Root.strings
2026-04-28 23:55:39 +0000  copying file ./Settings.bundle/zh-hant.lproj/Acknowledgements.strings ... 
2026-04-28 23:55:39 +0000  25 bytes for ./Settings.bundle/zh-hant.lproj/Acknowledgements.strings
2026-04-28 23:55:39 +0000  copying file ./Settings.bundle/zh-hant.lproj/Root.strings ... 
2026-04-28 23:55:39 +0000  30 bytes for ./Settings.bundle/zh-hant.lproj/Root.strings
2026-04-28 23:55:39 +0000  copying file ./Settings.bundle/tr.lproj/Acknowledgements.strings ... 
2026-04-28 23:55:39 +0000  25 bytes for ./Settings.bundle/tr.lproj/Acknowledgements.strings
2026-04-28 23:55:39 +0000  copying file ./Settings.bundle/tr.lproj/Root.strings ... 
2026-04-28 23:55:39 +0000  37 bytes for ./Settings.bundle/tr.lproj/Root.strings
2026-04-28 23:55:39 +0000  copying file ./Settings.bundle/pl.lproj/Acknowledgements.strings ... 
2026-04-28 23:55:39 +0000  24 bytes for ./Settings.bundle/pl.lproj/Acknowledgements.strings
2026-04-28 23:55:39 +0000  copying file ./Settings.bundle/pl.lproj/Root.strings ... 
2026-04-28 23:55:39 +0000  38 bytes for ./Settings.bundle/pl.lproj/Root.strings
2026-04-28 23:55:39 +0000  copying file ./Settings.bundle/Packages/swift-snapshot-testing.plist ... 
2026-04-28 23:55:39 +0000  1434 bytes for ./Settings.bundle/Packages/swift-snapshot-testing.plist
copying file ./Settings.bundle/Packages/swift-custom-dump.plist ... 
2026-04-28 23:55:39 +0000  1434 bytes for ./Settings.bundle/Packages/swift-custom-dump.plist
2026-04-28 23:55:39 +0000  copying file ./Settings.bundle/Packages/swift-numerics.plist ... 
2026-04-28 23:55:39 +0000  12112 bytes for ./Settings.bundle/Packages/swift-numerics.plist
2026-04-28 23:55:39 +0000  copying file ./Settings.bundle/Packages/SwiftOGG.plist ... 
2026-04-28 23:55:39 +0000  11718 bytes for ./Settings.bundle/Packages/SwiftOGG.plist
2026-04-28 23:55:39 +0000  copying file ./Settings.bundle/Packages/Sentry.plist ... 
2026-04-28 23:55:39 +0000  1434 bytes for ./Settings.bundle/Packages/Sentry.plist
2026-04-28 23:55:39 +0000  copying file ./Settings.bundle/Packages/xctest-dynamic-overlay.plist ... 
2026-04-28 23:55:39 +0000  1434 bytes for ./Settings.bundle/Packages/xctest-dynamic-overlay.plist
2026-04-28 23:55:39 +0000  copying file ./Settings.bundle/Packages/KZFileWatchers.plist ... 
2026-04-28 23:55:39 +0000  1460 bytes for ./Settings.bundle/Packages/KZFileWatchers.plist
2026-04-28 23:55:39 +0000  copying file ./Settings.bundle/Packages/swiftui-introspect.plist ... 
2026-04-28 23:55:39 +0000  1415 bytes for ./Settings.bundle/Packages/swiftui-introspect.plist
2026-04-28 23:55:39 +0000  copying file ./Settings.bundle/Packages/SwiftState.plist ... 
2026-04-28 23:55:39 +0000  1442 bytes for ./Settings.bundle/Packages/SwiftState.plist
2026-04-28 23:55:39 +0000  copying file ./Settings.bundle/Packages/SFSafeSymbols.plist ... 
2026-04-28 23:55:39 +0000  1441 bytes for ./Settings.bundle/Packages/SFSafeSymbols.plist
2026-04-28 23:55:39 +0000  copying file ./Settings.bundle/Packages/YbridOgg.plist ... 
2026-04-28 23:55:39 +0000  3199 bytes for ./Settings.bundle/Packages/YbridOgg.plist
2026-04-28 23:55:39 +0000  copying file ./Settings.bundle/Packages/PostHog.plist ... 
2026-04-28 23:55:39 +0000  1429 bytes for ./Settings.bundle/Packages/PostHog.plist
2026-04-28 23:55:39 +0000  copying file ./Settings.bundle/Packages/YbridOpus.plist ... 
2026-04-28 23:55:39 +0000  3856 bytes for ./Settings.bundle/Packages/YbridOpus.plist
2026-04-28 23:55:39 +0000  copying file ./Settings.bundle/Packages/KeychainAccess.plist ... 
2026-04-28 23:55:39 +0000  1446 bytes for ./Settings.bundle/Packages/KeychainAccess.plist
2026-04-28 23:55:39 +0000  copying file ./Settings.bundle/Packages/MapLibre Native.plist ... 
2026-04-28 23:55:39 +0000  1735 bytes for ./Settings.bundle/Packages/MapLibre Native.plist
2026-04-28 23:55:39 +0000  copying file ./Settings.bundle/Packages/Kingfisher.plist ... 
2026-04-28 23:55:39 +0000  1437 bytes for ./Settings.bundle/Packages/Kingfisher.plist
2026-04-28 23:55:39 +0000  copying file ./Settings.bundle/Packages/GZIP.plist ... 
2026-04-28 23:55:39 +0000  1431 bytes for ./Settings.bundle/Packages/GZIP.plist
2026-04-28 23:55:39 +0000  copying file ./Settings.bundle/Packages/MatrixRustSDK.plist ... 
2026-04-28 23:55:39 +0000  11719 bytes for ./Settings.bundle/Packages/MatrixRustSDK.plist
2026-04-28 23:55:39 +0000  copying file ./Settings.bundle/Packages/DeviceKit.plist ... 
2026-04-28 23:55:39 +0000  1420 bytes for ./Settings.bundle/Packages/DeviceKit.plist
2026-04-28 23:55:39 +0000  copying file ./Settings.bundle/Packages/swift-atomics.plist ... 
2026-04-28 23:55:39 +0000  12112 bytes for ./Settings.bundle/Packages/swift-atomics.plist
2026-04-28 23:55:39 +0000  copying file ./Settings.bundle/Packages/DTCoreText.plist ... 
2026-04-28 23:55:39 +0000  1659 bytes for ./Settings.bundle/Packages/DTCoreText.plist
2026-04-28 23:55:39 +0000  copying file ./Settings.bundle/Packages/swift-syntax.plist ... 
2026-04-28 23:55:39 +0000  12112 bytes for ./Settings.bundle/Packages/swift-syntax.plist
2026-04-28 23:55:39 +0000  copying file ./Settings.bundle/Packages/swift-async-algorithms.plist ... 
2026-04-28 23:55:39 +0000  12112 bytes for ./Settings.bundle/Packages/swift-async-algorithms.plist
2026-04-28 23:55:39 +0000  copying file ./Settings.bundle/Packages/Emojibase.plist ... 
2026-04-28 23:55:39 +0000  11718 bytes for ./Settings.bundle/Packages/Emojibase.plist
2026-04-28 23:55:39 +0000  copying file ./Settings.bundle/Packages/swift-concurrency-extras.plist ... 
2026-04-28 23:55:39 +0000  1428 bytes for ./Settings.bundle/Packages/swift-concurrency-extras.plist
2026-04-28 23:55:39 +0000  copying file ./Settings.bundle/Packages/SwiftSoup.plist ... 
2026-04-28 23:55:39 +0000  1521 bytes for ./Settings.bundle/Packages/SwiftSoup.plist
2026-04-28 23:55:39 +0000  copying file ./Settings.bundle/Packages/swift-algorithms.plist ... 
2026-04-28 23:55:39 +0000  12112 bytes for ./Settings.bundle/Packages/swift-algorithms.plist
2026-04-28 23:55:39 +0000  copying file ./Settings.bundle/Packages/swift-clocks.plist ... 
2026-04-28 23:55:39 +0000  1428 bytes for ./Settings.bundle/Packages/swift-clocks.plist
2026-04-28 23:55:39 +0000  copying file ./Settings.bundle/Packages/DTFoundation.plist ... 
2026-04-28 23:55:39 +0000  1659 bytes for ./Settings.bundle/Packages/DTFoundation.plist
2026-04-28 23:55:39 +0000  copying file ./Settings.bundle/Packages/LRUCache.plist ... 
2026-04-28 23:55:39 +0000  1431 bytes for ./Settings.bundle/Packages/LRUCache.plist
2026-04-28 23:55:39 +0000  copying file ./Settings.bundle/Packages/DSWaveformImage.plist ... 
2026-04-28 23:55:39 +0000  1442 bytes for ./Settings.bundle/Packages/DSWaveformImage.plist
2026-04-28 23:55:39 +0000  copying file ./Settings.bundle/Packages/LoremSwiftum.plist ... 
2026-04-28 23:55:39 +0000  1423 bytes for ./Settings.bundle/Packages/LoremSwiftum.plist
2026-04-28 23:55:39 +0000  copying file ./Settings.bundle/Packages/swift-collections.plist ... 
2026-04-28 23:55:39 +0000  12112 bytes for ./Settings.bundle/Packages/swift-collections.plist
2026-04-28 23:55:39 +0000  copying file ./Settings.bundle/Packages/AnalyticsEvents.plist ... 
2026-04-28 23:55:39 +0000  11718 bytes for ./Settings.bundle/Packages/AnalyticsEvents.plist
2026-04-28 23:55:39 +0000  copying file ./Settings.bundle/Packages/Version.plist ... 
2026-04-28 23:55:39 +0000  12080 bytes for ./Settings.bundle/Packages/Version.plist
2026-04-28 23:55:39 +0000  copying file ./Settings.bundle/ru.lproj/Acknowledgements.strings ... 
2026-04-28 23:55:39 +0000  32 bytes for ./Settings.bundle/ru.lproj/Acknowledgements.strings
2026-04-28 23:55:39 +0000  copying file ./Settings.bundle/ru.lproj/Root.strings ... 
2026-04-28 23:55:39 +0000  50 bytes for ./Settings.bundle/ru.lproj/Root.strings
2026-04-28 23:55:39 +0000  copying file ./Settings.bundle/Acknowledgements.plist ... 
2026-04-28 23:55:39 +0000  7231 bytes for ./Settings.bundle/Acknowledgements.plist
2026-04-28 23:55:39 +0000  copying file ./Settings.bundle/Root.plist ... 
2026-04-28 23:55:39 +0000  480 bytes for ./Settings.bundle/Root.plist
2026-04-28 23:55:39 +0000  copying file ./Settings.bundle/fr.lproj/Acknowledgements.strings ... 
2026-04-28 23:55:39 +0000  24 bytes for ./Settings.bundle/fr.lproj/Acknowledgements.strings
2026-04-28 23:55:39 +0000  copying file ./Settings.bundle/fr.lproj/Root.strings ... 
2026-04-28 23:55:39 +0000  37 bytes for ./Settings.bundle/fr.lproj/Root.strings
2026-04-28 23:55:39 +0000  copying file ./Settings.bundle/pt.lproj/Acknowledgements.strings ... 
2026-04-28 23:55:39 +0000  25 bytes for ./Settings.bundle/pt.lproj/Acknowledgements.strings
2026-04-28 23:55:39 +0000  copying file ./Settings.bundle/pt.lproj/Root.strings ... 
2026-04-28 23:55:39 +0000  38 bytes for ./Settings.bundle/pt.lproj/Root.strings
2026-04-28 23:55:39 +0000  copying file ./Settings.bundle/hi.lproj/Acknowledgements.strings ... 
2026-04-28 23:55:39 +0000  37 bytes for ./Settings.bundle/hi.lproj/Acknowledgements.strings
2026-04-28 23:55:39 +0000  copying file ./Settings.bundle/hi.lproj/Root.strings ... 
2026-04-28 23:55:39 +0000  57 bytes for ./Settings.bundle/hi.lproj/Root.strings
2026-04-28 23:55:39 +0000  copying file ./da.lproj/Localizable.strings ... 
2026-04-28 23:55:39 +0000  157869 bytes for ./da.lproj/Localizable.strings
copying file ./da.lproj/InfoPlist.strings ... 
2026-04-28 23:55:39 +0000  710 bytes for ./da.lproj/InfoPlist.strings
copying file ./da.lproj/Localizable.stringsdict ... 
2026-04-28 23:55:39 +0000  3980 bytes for ./da.lproj/Localizable.stringsdict
2026-04-28 23:55:39 +0000  copying file ./et.lproj/SAS.strings ... 
2026-04-28 23:55:39 +0000  1415 bytes for ./et.lproj/SAS.strings
2026-04-28 23:55:39 +0000  copying file ./et.lproj/Localizable.strings ... 
2026-04-28 23:55:39 +0000  165012 bytes for ./et.lproj/Localizable.strings
2026-04-28 23:55:39 +0000  copying file ./et.lproj/InfoPlist.strings ... 
2026-04-28 23:55:39 +0000  926 bytes for ./et.lproj/InfoPlist.strings
2026-04-28 23:55:39 +0000  copying file ./et.lproj/Localizable.stringsdict ... 
2026-04-28 23:55:39 +0000  4575 bytes for ./et.lproj/Localizable.stringsdict
2026-04-28 23:55:39 +0000  copying file ./PlugIns/NSE.appex/_CodeSignature/CodeResources ... 
2026-04-28 23:55:39 +0000  4484 bytes for ./PlugIns/NSE.appex/_CodeSignature/CodeResources
2026-04-28 23:55:39 +0000  copying file ./PlugIns/NSE.appex/CompoundDesignTokens_CompoundDesignTokens.bundle/Assets.car ... 
2026-04-28 23:55:39 +0000  1209912 bytes for ./PlugIns/NSE.appex/CompoundDesignTokens_CompoundDesignTokens.bundle/Assets.car
2026-04-28 23:55:39 +0000  copying file ./PlugIns/NSE.appex/CompoundDesignTokens_CompoundDesignTokens.bundle/theme.iife.js ... 
2026-04-28 23:55:39 +0000  128928 bytes for ./PlugIns/NSE.appex/CompoundDesignTokens_CompoundDesignTokens.bundle/theme.iife.js
2026-04-28 23:55:39 +0000  copying file ./PlugIns/NSE.appex/CompoundDesignTokens_CompoundDesignTokens.bundle/Info.plist ... 
2026-04-28 23:55:39 +0000  728 bytes for ./PlugIns/NSE.appex/CompoundDesignTokens_CompoundDesignTokens.bundle/Info.plist
2026-04-28 23:55:39 +0000  copying file ./PlugIns/NSE.appex/Kingfisher_Kingfisher.bundle/PrivacyInfo.xcprivacy ... 
2026-04-28 23:55:39 +0000  707 bytes for ./PlugIns/NSE.appex/Kingfisher_Kingfisher.bundle/PrivacyInfo.xcprivacy
2026-04-28 23:55:39 +0000  copying file ./PlugIns/NSE.appex/Kingfisher_Kingfisher.bundle/Info.plist ... 
2026-04-28 23:55:39 +0000  686 bytes for ./PlugIns/NSE.appex/Kingfisher_Kingfisher.bundle/Info.plist
2026-04-28 23:55:39 +0000  copying file ./PlugIns/NSE.appex/DeviceKit_DeviceKit.bundle/PrivacyInfo.xcprivacy ... 
2026-04-28 23:55:39 +0000  623 bytes for ./PlugIns/NSE.appex/DeviceKit_DeviceKit.bundle/PrivacyInfo.xcprivacy
2026-04-28 23:55:39 +0000  copying file ./PlugIns/NSE.appex/DeviceKit_DeviceKit.bundle/Info.plist ... 
2026-04-28 23:55:39 +0000  682 bytes for ./PlugIns/NSE.appex/DeviceKit_DeviceKit.bundle/Info.plist
2026-04-28 23:55:39 +0000  copying file ./PlugIns/NSE.appex/PrivacyInfo.xcprivacy ... 
2026-04-28 23:55:39 +0000  891 bytes for ./PlugIns/NSE.appex/PrivacyInfo.xcprivacy
2026-04-28 23:55:39 +0000  copying file ./PlugIns/NSE.appex/target.yml ... 
2026-04-28 23:55:39 +0000  5628 bytes for ./PlugIns/NSE.appex/target.yml
2026-04-28 23:55:39 +0000  copying file ./PlugIns/NSE.appex/embedded.mobileprovision ... 
2026-04-28 23:55:39 +0000  12507 bytes for ./PlugIns/NSE.appex/embedded.mobileprovision
2026-04-28 23:55:39 +0000  copying file ./PlugIns/NSE.appex/NSE ... 
2026-04-28 23:55:39 +0000  8456864 bytes for ./PlugIns/NSE.appex/NSE
2026-04-28 23:55:39 +0000  copying file ./PlugIns/NSE.appex/Info.plist ... 
2026-04-28 23:55:39 +0000  1142 bytes for ./PlugIns/NSE.appex/Info.plist
2026-04-28 23:55:39 +0000  copying file ./PlugIns/ShareExtension.appex/_CodeSignature/CodeResources ... 
2026-04-28 23:55:39 +0000  3164 bytes for ./PlugIns/ShareExtension.appex/_CodeSignature/CodeResources
2026-04-28 23:55:39 +0000  copying file ./PlugIns/ShareExtension.appex/ShareExtension ... 
2026-04-28 23:55:39 +0000  5751088 bytes for ./PlugIns/ShareExtension.appex/ShareExtension
2026-04-28 23:55:39 +0000  copying file ./PlugIns/ShareExtension.appex/CompoundDesignTokens_CompoundDesignTokens.bundle/Assets.car ... 
2026-04-28 23:55:39 +0000  1209912 bytes for ./PlugIns/ShareExtension.appex/CompoundDesignTokens_CompoundDesignTokens.bundle/Assets.car
2026-04-28 23:55:39 +0000  copying file ./PlugIns/ShareExtension.appex/CompoundDesignTokens_CompoundDesignTokens.bundle/theme.iife.js ... 
2026-04-28 23:55:39 +0000  128928 bytes for ./PlugIns/ShareExtension.appex/CompoundDesignTokens_CompoundDesignTokens.bundle/theme.iife.js
2026-04-28 23:55:39 +0000  copying file ./PlugIns/ShareExtension.appex/CompoundDesignTokens_CompoundDesignTokens.bundle/Info.plist ... 
2026-04-28 23:55:39 +0000  728 bytes for ./PlugIns/ShareExtension.appex/CompoundDesignTokens_CompoundDesignTokens.bundle/Info.plist
2026-04-28 23:55:39 +0000  copying file ./PlugIns/ShareExtension.appex/target.yml ... 
2026-04-28 23:55:39 +0000  4130 bytes for ./PlugIns/ShareExtension.appex/target.yml
2026-04-28 23:55:39 +0000  copying file ./PlugIns/ShareExtension.appex/embedded.mobileprovision ... 
2026-04-28 23:55:39 +0000  12403 bytes for ./PlugIns/ShareExtension.appex/embedded.mobileprovision
2026-04-28 23:55:39 +0000  copying file ./PlugIns/ShareExtension.appex/Info.plist ... 
2026-04-28 23:55:39 +0000  1540 bytes for ./PlugIns/ShareExtension.appex/Info.plist
2026-04-28 23:55:39 +0000  copying file ./it.lproj/SAS.strings ... 
2026-04-28 23:55:39 +0000  1384 bytes for ./it.lproj/SAS.strings
2026-04-28 23:55:39 +0000  copying file ./it.lproj/Localizable.strings ... 
2026-04-28 23:55:39 +0000  149789 bytes for ./it.lproj/Localizable.strings
2026-04-28 23:55:39 +0000  copying file ./it.lproj/InfoPlist.strings ... 
2026-04-28 23:55:39 +0000  614 bytes for ./it.lproj/InfoPlist.strings
2026-04-28 23:55:39 +0000  copying file ./it.lproj/Localizable.stringsdict ... 
2026-04-28 23:55:39 +0000  3800 bytes for ./it.lproj/Localizable.stringsdict
2026-04-28 23:55:39 +0000  copying file ./bg.lproj/SAS.strings ... 
2026-04-28 23:55:39 +0000  1694 bytes for ./bg.lproj/SAS.strings
2026-04-28 23:55:39 +0000  copying file ./bg.lproj/Localizable.strings ... 
2026-04-28 23:55:39 +0000  155614 bytes for ./bg.lproj/Localizable.strings
2026-04-28 23:55:39 +0000  copying file ./bg.lproj/InfoPlist.strings ... 
2026-04-28 23:55:39 +0000  918 bytes for ./bg.lproj/InfoPlist.strings
2026-04-28 23:55:39 +0000  copying file ./bg.lproj/Localizable.stringsdict ... 
2026-04-28 23:55:39 +0000  4488 bytes for ./bg.lproj/Localizable.stringsdict
2026-04-28 23:55:39 +0000  copying file ./sTalk ... 
2026-04-28 23:55:39 +0000  49826368 bytes for ./sTalk
2026-04-28 23:55:39 +0000  copying file ./sk.lproj/SAS.strings ... 
2026-04-28 23:55:39 +0000  1564 bytes for ./sk.lproj/SAS.strings
copying file ./sk.lproj/Localizable.strings ... 
2026-04-28 23:55:39 +0000  175322 bytes for ./sk.lproj/Localizable.strings
copying file ./sk.lproj/InfoPlist.strings ... 
2026-04-28 23:55:39 +0000  1008 bytes for ./sk.lproj/InfoPlist.strings
copying file ./sk.lproj/Localizable.stringsdict ... 
2026-04-28 23:55:39 +0000  6417 bytes for ./sk.lproj/Localizable.stringsdict
2026-04-28 23:55:39 +0000  copying file ./AppIcon60x60@2x.png ... 
2026-04-28 23:55:39 +0000  7533 bytes for ./AppIcon60x60@2x.png
copying file ./TabChats.json ... 
2026-04-28 23:55:39 +0000  8286 bytes for ./TabChats.json
2026-04-28 23:55:39 +0000  copying file ./be.lproj/Localizable.strings ... 
2026-04-28 23:55:39 +0000  160932 bytes for ./be.lproj/Localizable.strings
2026-04-28 23:55:39 +0000  copying file ./be.lproj/InfoPlist.strings ... 
2026-04-28 23:55:39 +0000  1012 bytes for ./be.lproj/InfoPlist.strings
copying file ./be.lproj/Localizable.stringsdict ... 
2026-04-28 23:55:39 +0000  5483 bytes for ./be.lproj/Localizable.stringsdict
2026-04-28 23:55:39 +0000  copying file ./sv.lproj/SAS.strings ... 
2026-04-28 23:55:39 +0000  1404 bytes for ./sv.lproj/SAS.strings
2026-04-28 23:55:39 +0000  copying file ./sv.lproj/Localizable.strings ... 
2026-04-28 23:55:39 +0000  165247 bytes for ./sv.lproj/Localizable.strings
2026-04-28 23:55:39 +0000  copying file ./sv.lproj/InfoPlist.strings ... 
2026-04-28 23:55:39 +0000  930 bytes for ./sv.lproj/InfoPlist.strings
2026-04-28 23:55:39 +0000  copying file ./sv.lproj/Localizable.stringsdict ... 
2026-04-28 23:55:39 +0000  4162 bytes for ./sv.lproj/Localizable.stringsdict
2026-04-28 23:55:39 +0000  copying file ./cs.lproj/SAS.strings ... 
2026-04-28 23:55:39 +0000  1519 bytes for ./cs.lproj/SAS.strings
2026-04-28 23:55:39 +0000  copying file ./cs.lproj/Localizable.strings ... 
2026-04-28 23:55:39 +0000  169830 bytes for ./cs.lproj/Localizable.strings
2026-04-28 23:55:39 +0000  copying file ./cs.lproj/InfoPlist.strings ... 
2026-04-28 23:55:39 +0000  976 bytes for ./cs.lproj/InfoPlist.strings
2026-04-28 23:55:39 +0000  copying file ./cs.lproj/Localizable.stringsdict ... 
2026-04-28 23:55:39 +0000  6526 bytes for ./cs.lproj/Localizable.stringsdict
2026-04-28 23:55:39 +0000  copying file ./Kingfisher_Kingfisher.bundle/PrivacyInfo.xcprivacy ... 
2026-04-28 23:55:39 +0000  707 bytes for ./Kingfisher_Kingfisher.bundle/PrivacyInfo.xcprivacy
2026-04-28 23:55:39 +0000  copying file ./Kingfisher_Kingfisher.bundle/Info.plist ... 
2026-04-28 23:55:39 +0000  686 bytes for ./Kingfisher_Kingfisher.bundle/Info.plist
2026-04-28 23:55:39 +0000  copying file ./ko.lproj/Localizable.strings ... 
2026-04-28 23:55:39 +0000  127000 bytes for ./ko.lproj/Localizable.strings
2026-04-28 23:55:39 +0000  copying file ./ko.lproj/InfoPlist.strings ... 
2026-04-28 23:55:39 +0000  678 bytes for ./ko.lproj/InfoPlist.strings
2026-04-28 23:55:39 +0000  copying file ./ko.lproj/Localizable.stringsdict ... 
2026-04-28 23:55:39 +0000  3251 bytes for ./ko.lproj/Localizable.stringsdict
2026-04-28 23:55:39 +0000  copying file ./LiveKit_LiveKit.bundle/PrivacyInfo.xcprivacy ... 
2026-04-28 23:55:39 +0000  541 bytes for ./LiveKit_LiveKit.bundle/PrivacyInfo.xcprivacy
2026-04-28 23:55:39 +0000  copying file ./LiveKit_LiveKit.bundle/Info.plist ... 
2026-04-28 23:55:39 +0000  683 bytes for ./LiveKit_LiveKit.bundle/Info.plist
2026-04-28 23:55:39 +0000  copying file ./DeviceKit_DeviceKit.bundle/PrivacyInfo.xcprivacy ... 
2026-04-28 23:55:39 +0000  623 bytes for ./DeviceKit_DeviceKit.bundle/PrivacyInfo.xcprivacy
2026-04-28 23:55:39 +0000  copying file ./DeviceKit_DeviceKit.bundle/Info.plist ... 
2026-04-28 23:55:39 +0000  682 bytes for ./DeviceKit_DeviceKit.bundle/Info.plist
2026-04-28 23:55:39 +0000  copying file ./SwiftProtobuf_SwiftProtobuf.bundle/PrivacyInfo.xcprivacy ... 
2026-04-28 23:55:39 +0000  373 bytes for ./SwiftProtobuf_SwiftProtobuf.bundle/PrivacyInfo.xcprivacy
2026-04-28 23:55:39 +0000  copying file ./SwiftProtobuf_SwiftProtobuf.bundle/Info.plist ... 
2026-04-28 23:55:39 +0000  699 bytes for ./SwiftProtobuf_SwiftProtobuf.bundle/Info.plist
2026-04-28 23:55:39 +0000  copying file ./Lottie_Lottie.bundle/PrivacyInfo.xcprivacy ... 
2026-04-28 23:55:39 +0000  599 bytes for ./Lottie_Lottie.bundle/PrivacyInfo.xcprivacy
2026-04-28 23:55:39 +0000  copying file ./Lottie_Lottie.bundle/Info.plist ... 
2026-04-28 23:55:39 +0000  672 bytes for ./Lottie_Lottie.bundle/Info.plist
2026-04-28 23:55:39 +0000  copying file ./hu.lproj/SAS.strings ... 
2026-04-28 23:55:39 +0000  1521 bytes for ./hu.lproj/SAS.strings
2026-04-28 23:55:39 +0000  copying file ./hu.lproj/Localizable.strings ... 
2026-04-28 23:55:39 +0000  178852 bytes for ./hu.lproj/Localizable.strings
2026-04-28 23:55:39 +0000  copying file ./hu.lproj/InfoPlist.strings ... 
2026-04-28 23:55:39 +0000  1144 bytes for ./hu.lproj/InfoPlist.strings
2026-04-28 23:55:39 +0000  copying file ./hu.lproj/Localizable.stringsdict ... 
2026-04-28 23:55:39 +0000  4007 bytes for ./hu.lproj/Localizable.stringsdict
2026-04-28 23:55:39 +0000  copying file ./TabCalls.json ... 
2026-04-28 23:55:39 +0000  6669 bytes for ./TabCalls.json
2026-04-28 23:55:39 +0000  copying file ./ka.lproj/Localizable.strings ... 
2026-04-28 23:55:39 +0000  154197 bytes for ./ka.lproj/Localizable.strings
2026-04-28 23:55:39 +0000  copying file ./ka.lproj/InfoPlist.strings ... 
2026-04-28 23:55:39 +0000  980 bytes for ./ka.lproj/InfoPlist.strings
2026-04-28 23:55:39 +0000  copying file ./ka.lproj/Localizable.stringsdict ... 
2026-04-28 23:55:39 +0000  3893 bytes for ./ka.lproj/Localizable.stringsdict
2026-04-28 23:55:39 +0000  copying file ./Assets.car ... 
2026-04-28 23:55:39 +0000  5709496 bytes for ./Assets.car
2026-04-28 23:55:39 +0000  copying file ./tr.lproj/Localizable.strings ... 
2026-04-28 23:55:39 +0000  163700 bytes for ./tr.lproj/Localizable.strings
2026-04-28 23:55:39 +0000  copying file ./tr.lproj/InfoPlist.strings ... 
2026-04-28 23:55:39 +0000  976 bytes for ./tr.lproj/InfoPlist.strings
2026-04-28 23:55:39 +0000  copying file ./tr.lproj/Localizable.stringsdict ... 
2026-04-28 23:55:39 +0000  3725 bytes for ./tr.lproj/Localizable.stringsdict
2026-04-28 23:55:39 +0000  copying file ./message.caf ... 
2026-04-28 23:55:39 +0000  29664 bytes for ./message.caf
2026-04-28 23:55:39 +0000  copying file ./pl.lproj/Localizable.strings ... 
2026-04-28 23:55:39 +0000  168926 bytes for ./pl.lproj/Localizable.strings
2026-04-28 23:55:39 +0000  copying file ./pl.lproj/InfoPlist.strings ... 
2026-04-28 23:55:39 +0000  1012 bytes for ./pl.lproj/InfoPlist.strings
2026-04-28 23:55:39 +0000  copying file ./pl.lproj/Localizable.stringsdict ... 
2026-04-28 23:55:39 +0000  5557 bytes for ./pl.lproj/Localizable.stringsdict
2026-04-28 23:55:39 +0000  copying file ./AppIcon76x76@2x~ipad.png ... 
2026-04-28 23:55:39 +0000  9951 bytes for ./AppIcon76x76@2x~ipad.png
2026-04-28 23:55:39 +0000  copying file ./pt-BR.lproj/SAS.strings ... 
2026-04-28 23:55:39 +0000  1438 bytes for ./pt-BR.lproj/SAS.strings
2026-04-28 23:55:39 +0000  copying file ./pt-BR.lproj/Localizable.strings ... 
2026-04-28 23:55:39 +0000  167300 bytes for ./pt-BR.lproj/Localizable.strings
2026-04-28 23:55:39 +0000  copying file ./pt-BR.lproj/InfoPlist.strings ... 
2026-04-28 23:55:39 +0000  968 bytes for ./pt-BR.lproj/InfoPlist.strings
2026-04-28 23:55:39 +0000  copying file ./pt-BR.lproj/Localizable.stringsdict ... 
2026-04-28 23:55:39 +0000  4583 bytes for ./pt-BR.lproj/Localizable.stringsdict
2026-04-28 23:55:39 +0000  copying file ./PostHog_PostHog.bundle/PrivacyInfo.xcprivacy ... 
2026-04-28 23:55:39 +0000  1278 bytes for ./PostHog_PostHog.bundle/PrivacyInfo.xcprivacy
2026-04-28 23:55:39 +0000  copying file ./PostHog_PostHog.bundle/Info.plist ... 
2026-04-28 23:55:39 +0000  678 bytes for ./PostHog_PostHog.bundle/Info.plist
2026-04-28 23:55:39 +0000  copying file ./PrivacyInfo.xcprivacy ... 
2026-04-28 23:55:39 +0000  5238 bytes for ./PrivacyInfo.xcprivacy
2026-04-28 23:55:39 +0000  copying file ./TabApps.json ... 
2026-04-28 23:55:39 +0000  6383 bytes for ./TabApps.json
2026-04-28 23:55:39 +0000  copying file ./lt.lproj/Localizable.strings ... 
2026-04-28 23:55:39 +0000  137949 bytes for ./lt.lproj/Localizable.strings
2026-04-28 23:55:39 +0000  copying file ./lt.lproj/Localizable.stringsdict ... 
2026-04-28 23:55:39 +0000  4257 bytes for ./lt.lproj/Localizable.stringsdict
2026-04-28 23:55:39 +0000  copying file ./ru.lproj/SAS.strings ... 
2026-04-28 23:55:39 +0000  1701 bytes for ./ru.lproj/SAS.strings
2026-04-28 23:55:39 +0000  copying file ./ru.lproj/Localizable.strings ... 
2026-04-28 23:55:39 +0000  194360 bytes for ./ru.lproj/Localizable.strings
2026-04-28 23:55:39 +0000  copying file ./ru.lproj/InfoPlist.strings ... 
2026-04-28 23:55:39 +0000  930 bytes for ./ru.lproj/InfoPlist.strings
2026-04-28 23:55:39 +0000  copying file ./ru.lproj/Localizable.stringsdict ... 
2026-04-28 23:55:39 +0000  6769 bytes for ./ru.lproj/Localizable.stringsdict
2026-04-28 23:55:39 +0000  copying file ./cy.lproj/Localizable.strings ... 
2026-04-28 23:55:39 +0000  142802 bytes for ./cy.lproj/Localizable.strings
2026-04-28 23:55:39 +0000  copying file ./cy.lproj/InfoPlist.strings ... 
2026-04-28 23:55:39 +0000  706 bytes for ./cy.lproj/InfoPlist.strings
2026-04-28 23:55:39 +0000  copying file ./cy.lproj/Localizable.stringsdict ... 
2026-04-28 23:55:39 +0000  4371 bytes for ./cy.lproj/Localizable.stringsdict
2026-04-28 23:55:39 +0000  copying file ./target.yml ... 
2026-04-28 23:55:39 +0000  9347 bytes for ./target.yml
2026-04-28 23:55:39 +0000  copying file ./en-US.lproj/Localizable.strings ... 
2026-04-28 23:55:39 +0000  129367 bytes for ./en-US.lproj/Localizable.strings
2026-04-28 23:55:39 +0000  copying file ./uz.lproj/Localizable.strings ... 
2026-04-28 23:55:39 +0000  154236 bytes for ./uz.lproj/Localizable.strings
2026-04-28 23:55:39 +0000  copying file ./uz.lproj/InfoPlist.strings ... 
2026-04-28 23:55:39 +0000  773 bytes for ./uz.lproj/InfoPlist.strings
2026-04-28 23:55:39 +0000  copying file ./uz.lproj/Localizable.stringsdict ... 
2026-04-28 23:55:39 +0000  3688 bytes for ./uz.lproj/Localizable.stringsdict
2026-04-28 23:55:39 +0000  copying file ./fr.lproj/SAS.strings ... 
2026-04-28 23:55:39 +0000  1432 bytes for ./fr.lproj/SAS.strings
2026-04-28 23:55:39 +0000  copying file ./fr.lproj/Localizable.strings ... 
2026-04-28 23:55:39 +0000  180287 bytes for ./fr.lproj/Localizable.strings
2026-04-28 23:55:39 +0000  copying file ./fr.lproj/InfoPlist.strings ... 
2026-04-28 23:55:39 +0000  1082 bytes for ./fr.lproj/InfoPlist.strings
2026-04-28 23:55:39 +0000  copying file ./fr.lproj/Localizable.stringsdict ... 
2026-04-28 23:55:39 +0000  4860 bytes for ./fr.lproj/Localizable.stringsdict
2026-04-28 23:55:39 +0000  copying file ./fi.lproj/SAS.strings ... 
2026-04-28 23:55:39 +0000  1436 bytes for ./fi.lproj/SAS.strings
2026-04-28 23:55:39 +0000  copying file ./fi.lproj/Localizable.strings ... 
2026-04-28 23:55:39 +0000  160592 bytes for ./fi.lproj/Localizable.strings
2026-04-28 23:55:39 +0000  copying file ./fi.lproj/InfoPlist.strings ... 
2026-04-28 23:55:39 +0000  944 bytes for ./fi.lproj/InfoPlist.strings
2026-04-28 23:55:39 +0000  copying file ./fi.lproj/Localizable.stringsdict ... 
2026-04-28 23:55:39 +0000  4600 bytes for ./fi.lproj/Localizable.stringsdict
2026-04-28 23:55:39 +0000  copying file ./id.lproj/SAS.strings ... 
2026-04-28 23:55:39 +0000  1318 bytes for ./id.lproj/SAS.strings
2026-04-28 23:55:39 +0000  copying file ./id.lproj/Localizable.strings ... 
2026-04-28 23:55:39 +0000  132024 bytes for ./id.lproj/Localizable.strings
2026-04-28 23:55:39 +0000  copying file ./id.lproj/InfoPlist.strings ... 
2026-04-28 23:55:39 +0000  618 bytes for ./id.lproj/InfoPlist.strings
2026-04-28 23:55:39 +0000  copying file ./id.lproj/Localizable.stringsdict ... 
2026-04-28 23:55:39 +0000  3196 bytes for ./id.lproj/Localizable.stringsdict
2026-04-28 23:55:39 +0000  copying file ./nl.lproj/SAS.strings ... 
2026-04-28 23:55:39 +0000  1341 bytes for ./nl.lproj/SAS.strings
2026-04-28 23:55:39 +0000  copying file ./nl.lproj/Localizable.strings ... 
2026-04-28 23:55:39 +0000  133284 bytes for ./nl.lproj/Localizable.strings
2026-04-28 23:55:39 +0000  copying file ./nl.lproj/InfoPlist.strings ... 
2026-04-28 23:55:39 +0000  643 bytes for ./nl.lproj/InfoPlist.strings
2026-04-28 23:55:39 +0000  copying file ./nl.lproj/Localizable.stringsdict ... 
2026-04-28 23:55:39 +0000  3876 bytes for ./nl.lproj/Localizable.stringsdict
2026-04-28 23:55:39 +0000  copying file ./TabSettings.json ... 
2026-04-28 23:55:39 +0000  20016 bytes for ./TabSettings.json
2026-04-28 23:55:39 +0000  copying file ./pt.lproj/SAS.strings ... 
2026-04-28 23:55:39 +0000  1441 bytes for ./pt.lproj/SAS.strings
2026-04-28 23:55:39 +0000  copying file ./pt.lproj/Localizable.strings ... 
2026-04-28 23:55:39 +0000  161695 bytes for ./pt.lproj/Localizable.strings
2026-04-28 23:55:39 +0000  copying file ./pt.lproj/InfoPlist.strings ... 
2026-04-28 23:55:39 +0000  998 bytes for ./pt.lproj/InfoPlist.strings
2026-04-28 23:55:39 +0000  copying file ./pt.lproj/Localizable.stringsdict ... 
2026-04-28 23:55:39 +0000  4248 bytes for ./pt.lproj/Localizable.stringsdict
2026-04-28 23:55:39 +0000  copying file ./Frameworks/YbridOgg.framework/_CodeSignature/CodeResources ... 
2026-04-28 23:55:39 +0000  2366 bytes for ./Frameworks/YbridOgg.framework/_CodeSignature/CodeResources
2026-04-28 23:55:39 +0000  copying file ./Frameworks/YbridOgg.framework/Config.xcconfig ... 
2026-04-28 23:55:39 +0000  1826 bytes for ./Frameworks/YbridOgg.framework/Config.xcconfig
2026-04-28 23:55:39 +0000  copying file ./Frameworks/YbridOgg.framework/COPYING ... 
2026-04-28 23:55:39 +0000  1466 bytes for ./Frameworks/YbridOgg.framework/COPYING
2026-04-28 23:55:39 +0000  copying file ./Frameworks/YbridOgg.framework/YbridOgg ... 
2026-04-28 23:55:39 +0000  187232 bytes for ./Frameworks/YbridOgg.framework/YbridOgg
2026-04-28 23:55:39 +0000  copying file ./Frameworks/YbridOgg.framework/Info.plist ... 
2026-04-28 23:55:39 +0000  1004 bytes for ./Frameworks/YbridOgg.framework/Info.plist
2026-04-28 23:55:39 +0000  copying file ./Frameworks/Sentry.framework/_CodeSignature/CodeResources ... 
2026-04-28 23:55:39 +0000  2034 bytes for ./Frameworks/Sentry.framework/_CodeSignature/CodeResources
2026-04-28 23:55:39 +0000  copying file ./Frameworks/Sentry.framework/PrivacyInfo.xcprivacy ... 
2026-04-28 23:55:39 +0000  2108 bytes for ./Frameworks/Sentry.framework/PrivacyInfo.xcprivacy
2026-04-28 23:55:39 +0000  copying file ./Frameworks/Sentry.framework/Sentry ... 
2026-04-28 23:55:39 +0000  51360 bytes for ./Frameworks/Sentry.framework/Sentry
2026-04-28 23:55:39 +0000  copying file ./Frameworks/Sentry.framework/Info.plist ... 
2026-04-28 23:55:39 +0000  742 bytes for ./Frameworks/Sentry.framework/Info.plist
2026-04-28 23:55:39 +0000  copying file ./Frameworks/YbridOpus.framework/_CodeSignature/CodeResources ... 
2026-04-28 23:55:39 +0000  2094 bytes for ./Frameworks/YbridOpus.framework/_CodeSignature/CodeResources
2026-04-28 23:55:39 +0000  copying file ./Frameworks/YbridOpus.framework/Config.xcconfig ... 
2026-04-28 23:55:39 +0000  1671 bytes for ./Frameworks/YbridOpus.framework/Config.xcconfig
2026-04-28 23:55:39 +0000  copying file ./Frameworks/YbridOpus.framework/YbridOpus ... 
2026-04-28 23:55:39 +0000  895248 bytes for ./Frameworks/YbridOpus.framework/YbridOpus
2026-04-28 23:55:39 +0000  copying file ./Frameworks/YbridOpus.framework/Info.plist ... 
2026-04-28 23:55:39 +0000  1011 bytes for ./Frameworks/YbridOpus.framework/Info.plist
2026-04-28 23:55:39 +0000  copying file ./Frameworks/MapLibre.framework/de.lproj/Localizable.strings ... 
2026-04-28 23:55:39 +0000  2461 bytes for ./Frameworks/MapLibre.framework/de.lproj/Localizable.strings
2026-04-28 23:55:39 +0000  copying file ./Frameworks/MapLibre.framework/de.lproj/Localizable.stringsdict ... 
2026-04-28 23:55:39 +0000  344 bytes for ./Frameworks/MapLibre.framework/de.lproj/Localizable.stringsdict
2026-04-28 23:55:39 +0000  copying file ./Frameworks/MapLibre.framework/_CodeSignature/CodeResources ... 
2026-04-28 23:55:39 +0000  17319 bytes for ./Frameworks/MapLibre.framework/_CodeSignature/CodeResources
2026-04-28 23:55:39 +0000  copying file ./Frameworks/MapLibre.framework/he.lproj/Localizable.strings ... 
2026-04-28 23:55:39 +0000  2628 bytes for ./Frameworks/MapLibre.framework/he.lproj/Localizable.strings
2026-04-28 23:55:39 +0000  copying file ./Frameworks/MapLibre.framework/ar.lproj/Localizable.stringsdict ... 
2026-04-28 23:55:39 +0000  818 bytes for ./Frameworks/MapLibre.framework/ar.lproj/Localizable.stringsdict
2026-04-28 23:55:39 +0000  copying file ./Frameworks/MapLibre.framework/zh-Hans.lproj/Localizable.strings ... 
2026-04-28 23:55:39 +0000  1805 bytes for ./Frameworks/MapLibre.framework/zh-Hans.lproj/Localizable.strings
2026-04-28 23:55:39 +0000  copying file ./Frameworks/MapLibre.framework/ja.lproj/Localizable.strings ... 
2026-04-28 23:55:39 +0000  1388 bytes for ./Frameworks/MapLibre.framework/ja.lproj/Localizable.strings
2026-04-28 23:55:39 +0000  copying file ./Frameworks/MapLibre.framework/en.lproj/Localizable.stringsdict ... 
2026-04-28 23:55:39 +0000  470 bytes for ./Frameworks/MapLibre.framework/en.lproj/Localizable.stringsdict
2026-04-28 23:55:39 +0000  copying file ./Frameworks/MapLibre.framework/uk.lproj/Localizable.strings ... 
2026-04-28 23:55:39 +0000  3322 bytes for ./Frameworks/MapLibre.framework/uk.lproj/Localizable.strings
2026-04-28 23:55:39 +0000  copying file ./Frameworks/MapLibre.framework/uk.lproj/Localizable.stringsdict ... 
2026-04-28 23:55:39 +0000  640 bytes for ./Frameworks/MapLibre.framework/uk.lproj/Localizable.stringsdict
2026-04-28 23:55:39 +0000  copying file ./Frameworks/MapLibre.framework/es.lproj/Localizable.strings ... 
2026-04-28 23:55:39 +0000  2833 bytes for ./Frameworks/MapLibre.framework/es.lproj/Localizable.strings
2026-04-28 23:55:39 +0000  copying file ./Frameworks/MapLibre.framework/es.lproj/Localizable.stringsdict ... 
2026-04-28 23:55:39 +0000  495 bytes for ./Frameworks/MapLibre.framework/es.lproj/Localizable.stringsdict
2026-04-28 23:55:39 +0000  copying file ./Frameworks/MapLibre.framework/da.lproj/Localizable.strings ... 
2026-04-28 23:55:39 +0000  2675 bytes for ./Frameworks/MapLibre.framework/da.lproj/Localizable.strings
2026-04-28 23:55:39 +0000  copying file ./Frameworks/MapLibre.framework/da.lproj/Localizable.stringsdict ... 
2026-04-28 23:55:39 +0000  479 bytes for ./Frameworks/MapLibre.framework/da.lproj/Localizable.stringsdict
2026-04-28 23:55:39 +0000  copying file ./Frameworks/MapLibre.framework/gl.lproj/Localizable.strings ... 
2026-04-28 23:55:39 +0000  2767 bytes for ./Frameworks/MapLibre.framework/gl.lproj/Localizable.strings
2026-04-28 23:55:39 +0000  copying file ./Frameworks/MapLibre.framework/gl.lproj/Localizable.stringsdict ... 
2026-04-28 23:55:39 +0000  565 bytes for ./Frameworks/MapLibre.framework/gl.lproj/Localizable.stringsdict
2026-04-28 23:55:39 +0000  copying file ./Frameworks/MapLibre.framework/metal-cpp-ignores.txt ... 
2026-04-28 23:55:39 +0000  265 bytes for ./Frameworks/MapLibre.framework/metal-cpp-ignores.txt
2026-04-28 23:55:39 +0000  copying file ./Frameworks/MapLibre.framework/bg.lproj/Localizable.strings ... 
2026-04-28 23:55:39 +0000  2772 bytes for ./Frameworks/MapLibre.framework/bg.lproj/Localizable.strings
2026-04-28 23:55:39 +0000  copying file ./Frameworks/MapLibre.framework/bg.lproj/Localizable.stringsdict ... 
2026-04-28 23:55:39 +0000  503 bytes for ./Frameworks/MapLibre.framework/bg.lproj/Localizable.stringsdict
2026-04-28 23:55:39 +0000  copying file ./Frameworks/MapLibre.framework/MapLibre ... 
2026-04-28 23:55:39 +0000  7640272 bytes for ./Frameworks/MapLibre.framework/MapLibre
2026-04-28 23:55:39 +0000  copying file ./Frameworks/MapLibre.framework/sv.lproj/Localizable.strings ... 
2740 bytes for ./Frameworks/MapLibre.framework/sv.lproj/Localizable.strings
copying file ./Frameworks/MapLibre.framework/sv.lproj/Localizable.stringsdict ... 
2026-04-28 23:55:39 +0000  496 bytes for ./Frameworks/MapLibre.framework/sv.lproj/Localizable.stringsdict
2026-04-28 23:55:39 +0000  copying file ./Frameworks/MapLibre.framework/cs.lproj/Localizable.strings ... 
2026-04-28 23:55:39 +0000  2140 bytes for ./Frameworks/MapLibre.framework/cs.lproj/Localizable.strings
2026-04-28 23:55:39 +0000  copying file ./Frameworks/MapLibre.framework/cs.lproj/Localizable.stringsdict ... 
2026-04-28 23:55:39 +0000  470 bytes for ./Frameworks/MapLibre.framework/cs.lproj/Localizable.stringsdict
2026-04-28 23:55:39 +0000  copying file ./Frameworks/MapLibre.framework/ko.lproj/Localizable.strings ... 
2026-04-28 23:55:39 +0000  2119 bytes for ./Frameworks/MapLibre.framework/ko.lproj/Localizable.strings
2026-04-28 23:55:39 +0000  copying file ./Frameworks/MapLibre.framework/ko.lproj/Localizable.stringsdict ... 
2026-04-28 23:55:39 +0000  410 bytes for ./Frameworks/MapLibre.framework/ko.lproj/Localizable.stringsdict
2026-04-28 23:55:39 +0000  copying file ./Frameworks/MapLibre.framework/Base.lproj/Localizable.strings ... 
2026-04-28 23:55:39 +0000  2155 bytes for ./Frameworks/MapLibre.framework/Base.lproj/Localizable.strings
2026-04-28 23:55:39 +0000  copying file ./Frameworks/MapLibre.framework/zh-Hant.lproj/Localizable.strings ... 
2026-04-28 23:55:39 +0000  1597 bytes for ./Frameworks/MapLibre.framework/zh-Hant.lproj/Localizable.strings
2026-04-28 23:55:39 +0000  copying file ./Frameworks/MapLibre.framework/zh-Hant.lproj/Localizable.stringsdict ... 
2026-04-28 23:55:39 +0000  282 bytes for ./Frameworks/MapLibre.framework/zh-Hant.lproj/Localizable.stringsdict
2026-04-28 23:55:39 +0000  copying file ./Frameworks/MapLibre.framework/hu.lproj/Localizable.strings ... 
2026-04-28 23:55:39 +0000  2460 bytes for ./Frameworks/MapLibre.framework/hu.lproj/Localizable.strings
2026-04-28 23:55:39 +0000  copying file ./Frameworks/MapLibre.framework/hu.lproj/Localizable.stringsdict ... 
2026-04-28 23:55:39 +0000  466 bytes for ./Frameworks/MapLibre.framework/hu.lproj/Localizable.stringsdict
2026-04-28 23:55:39 +0000  copying file ./Frameworks/MapLibre.framework/Assets.car ... 
2026-04-28 23:55:39 +0000  202735 bytes for ./Frameworks/MapLibre.framework/Assets.car
2026-04-28 23:55:39 +0000  copying file ./Frameworks/MapLibre.framework/pt-BR.lproj/Localizable.strings ... 
2026-04-28 23:55:39 +0000  2597 bytes for ./Frameworks/MapLibre.framework/pt-BR.lproj/Localizable.strings
2026-04-28 23:55:39 +0000  copying file ./Frameworks/MapLibre.framework/pt-BR.lproj/Localizable.stringsdict ... 
2026-04-28 23:55:39 +0000  376 bytes for ./Frameworks/MapLibre.framework/pt-BR.lproj/Localizable.stringsdict
2026-04-28 23:55:39 +0000  copying file ./Frameworks/MapLibre.framework/vi.lproj/Localizable.strings ... 
2026-04-28 23:55:39 +0000  3390 bytes for ./Frameworks/MapLibre.framework/vi.lproj/Localizable.strings
2026-04-28 23:55:39 +0000  copying file ./Frameworks/MapLibre.framework/vi.lproj/Localizable.stringsdict ... 
2026-04-28 23:55:39 +0000  516 bytes for ./Frameworks/MapLibre.framework/vi.lproj/Localizable.stringsdict
2026-04-28 23:55:39 +0000  copying file ./Frameworks/MapLibre.framework/PrivacyInfo.xcprivacy ... 
2026-04-28 23:55:39 +0000  1105 bytes for ./Frameworks/MapLibre.framework/PrivacyInfo.xcprivacy
2026-04-28 23:55:39 +0000  copying file ./Frameworks/MapLibre.framework/lt.lproj/Localizable.strings ... 
2026-04-28 23:55:39 +0000  2861 bytes for ./Frameworks/MapLibre.framework/lt.lproj/Localizable.strings
2026-04-28 23:55:39 +0000  copying file ./Frameworks/MapLibre.framework/lt.lproj/Localizable.stringsdict ... 
2026-04-28 23:55:39 +0000  399 bytes for ./Frameworks/MapLibre.framework/lt.lproj/Localizable.stringsdict
2026-04-28 23:55:39 +0000  copying file ./Frameworks/MapLibre.framework/ru.lproj/Localizable.strings ... 
2026-04-28 23:55:39 +0000  3254 bytes for ./Frameworks/MapLibre.framework/ru.lproj/Localizable.strings
2026-04-28 23:55:39 +0000  copying file ./Frameworks/MapLibre.framework/ru.lproj/Localizable.stringsdict ... 
2026-04-28 23:55:39 +0000  677 bytes for ./Frameworks/MapLibre.framework/ru.lproj/Localizable.stringsdict
2026-04-28 23:55:39 +0000  copying file ./Frameworks/MapLibre.framework/fr.lproj/Localizable.strings ... 
2026-04-28 23:55:39 +0000  3226 bytes for ./Frameworks/MapLibre.framework/fr.lproj/Localizable.strings
2026-04-28 23:55:39 +0000  copying file ./Frameworks/MapLibre.framework/fr.lproj/Localizable.stringsdict ... 
2026-04-28 23:55:39 +0000  482 bytes for ./Frameworks/MapLibre.framework/fr.lproj/Localizable.stringsdict
2026-04-28 23:55:39 +0000  copying file ./Frameworks/MapLibre.framework/pt-PT.lproj/Localizable.strings ... 
2026-04-28 23:55:39 +0000  3264 bytes for ./Frameworks/MapLibre.framework/pt-PT.lproj/Localizable.strings
2026-04-28 23:55:39 +0000  copying file ./Frameworks/MapLibre.framework/pt-PT.lproj/Localizable.stringsdict ... 
2026-04-28 23:55:39 +0000  578 bytes for ./Frameworks/MapLibre.framework/pt-PT.lproj/Localizable.stringsdict
2026-04-28 23:55:39 +0000  copying file ./Frameworks/MapLibre.framework/Info.plist ... 
2026-04-28 23:55:39 +0000  813 bytes for ./Frameworks/MapLibre.framework/Info.plist
2026-04-28 23:55:39 +0000  copying file ./Frameworks/MapLibre.framework/ca.lproj/Localizable.strings ... 
2026-04-28 23:55:39 +0000  2769 bytes for ./Frameworks/MapLibre.framework/ca.lproj/Localizable.strings
2026-04-28 23:55:39 +0000  copying file ./Frameworks/MapLibre.framework/ca.lproj/Localizable.stringsdict ... 
2026-04-28 23:55:39 +0000  356 bytes for ./Frameworks/MapLibre.framework/ca.lproj/Localizable.stringsdict
2026-04-28 23:55:39 +0000  copying file ./Frameworks/MatrixRustSDK.framework/_CodeSignature/CodeResources ... 
2026-04-28 23:55:39 +0000  1798 bytes for ./Frameworks/MatrixRustSDK.framework/_CodeSignature/CodeResources
2026-04-28 23:55:39 +0000  copying file ./Frameworks/MatrixRustSDK.framework/MatrixRustSDK ... 
2026-04-28 23:55:40 +0000  106873008 bytes for ./Frameworks/MatrixRustSDK.framework/MatrixRustSDK
copying file ./Frameworks/MatrixRustSDK.framework/Info.plist ... 
2026-04-28 23:55:40 +0000  777 bytes for ./Frameworks/MatrixRustSDK.framework/Info.plist
2026-04-28 23:55:40 +0000  copying file ./Frameworks/LiveKitWebRTC.framework/_CodeSignature/CodeResources ... 
2026-04-28 23:55:40 +0000  2034 bytes for ./Frameworks/LiveKitWebRTC.framework/_CodeSignature/CodeResources
2026-04-28 23:55:40 +0000  copying file ./Frameworks/LiveKitWebRTC.framework/LiveKitWebRTC ... 
2026-04-28 23:55:40 +0000  11900480 bytes for ./Frameworks/LiveKitWebRTC.framework/LiveKitWebRTC
2026-04-28 23:55:40 +0000  copying file ./Frameworks/LiveKitWebRTC.framework/PrivacyInfo.xcprivacy ... 
2026-04-28 23:55:40 +0000  845 bytes for ./Frameworks/LiveKitWebRTC.framework/PrivacyInfo.xcprivacy
2026-04-28 23:55:40 +0000  copying file ./Frameworks/LiveKitWebRTC.framework/Info.plist ... 
2026-04-28 23:55:40 +0000  767 bytes for ./Frameworks/LiveKitWebRTC.framework/Info.plist
2026-04-28 23:55:40 +0000  copying file ./embedded.mobileprovision ... 
2026-04-28 23:55:40 +0000  12733 bytes for ./embedded.mobileprovision
2026-04-28 23:55:40 +0000  copying file ./ConfettiScene.scn ... 
2026-04-28 23:55:40 +0000  11752 bytes for ./ConfettiScene.scn
2026-04-28 23:55:40 +0000  copying file ./ro.lproj/Localizable.strings ... 
2026-04-28 23:55:40 +0000  179468 bytes for ./ro.lproj/Localizable.strings
2026-04-28 23:55:40 +0000  copying file ./ro.lproj/InfoPlist.strings ... 
2026-04-28 23:55:40 +0000  1022 bytes for ./ro.lproj/InfoPlist.strings
2026-04-28 23:55:40 +0000  copying file ./ro.lproj/Localizable.stringsdict ... 
2026-04-28 23:55:40 +0000  4865 bytes for ./ro.lproj/Localizable.stringsdict
2026-04-28 23:55:40 +0000  copying file ./Info.plist ... 
2026-04-28 23:55:40 +0000  2794 bytes for ./Info.plist
2026-04-28 23:55:40 +0000  copying file ./DTCoreText_DTCoreText.bundle/default.css ... 
2026-04-28 23:55:40 +0000  3363 bytes for ./DTCoreText_DTCoreText.bundle/default.css
2026-04-28 23:55:40 +0000  copying file ./DTCoreText_DTCoreText.bundle/Info.plist ... 
2026-04-28 23:55:40 +0000  686 bytes for ./DTCoreText_DTCoreText.bundle/Info.plist
2026-04-28 23:55:40 +0000  copying file ./PkgInfo ... 
2026-04-28 23:55:40 +0000  8 bytes for ./PkgInfo
2026-04-28 23:55:40 +0000  copying file ./hr.lproj/SAS.strings ... 
2026-04-28 23:55:40 +0000  1372 bytes for ./hr.lproj/SAS.strings
2026-04-28 23:55:40 +0000  copying file ./hr.lproj/Localizable.strings ... 
2026-04-28 23:55:40 +0000  166719 bytes for ./hr.lproj/Localizable.strings
2026-04-28 23:55:40 +0000  copying file ./hr.lproj/InfoPlist.strings ... 
2026-04-28 23:55:40 +0000  801 bytes for ./hr.lproj/InfoPlist.strings
2026-04-28 23:55:40 +0000  copying file ./hr.lproj/Localizable.stringsdict ... 
2026-04-28 23:55:40 +0000  5314 bytes for ./hr.lproj/Localizable.stringsdict
2026-04-28 23:55:40 +0000 [MT] /usr/bin/ditto exited with 0
2026-04-28 23:55:40 +0000 [MT] Processing step: IDEDistributionEmbedProfileStep
2026-04-28 23:55:40 +0000 [MT] Skipping profile for item: <IDEDistributionItem: 0xc09b965e0; bundleID='io.livekit.LiveKitWebRTC', path='<DVTFilePath:0xc0bd10a10:'/Users/ankin/Documents/element-x-fork/ios/build-archive/sTalk.xcarchive/Products/Applications/sTalk.app/Frameworks/LiveKitWebRTC.framework'>', codeSigningInfo='<_DVTCodeSigningInformation_Path: 0xc09b96820; isSigned='1', isAdHocSigned='0', signingCertificate='<DVTSigningCertificate: 0xc0b6ff6c0; name='Apple Distribution: Sergey Tymbay (Z44H678J3R)', hash='36BC84FF7CCCF400198FCB9DFE6C2DF61CB8F002', serialNumber='7A9C8E9F5516D1399C3A476F927A6537', certificateKinds='(
    "1.2.840.113635.100.6.1.7",
    "1.2.840.113635.100.6.1.4"
), issueDate='2026-04-01 13:11:38 +0000''>', entitlements='(null)', teamID='Z44H678J3R', identifier='io.livekit.LiveKitWebRTC', executablePath='<DVTFilePath:0xc09b95440:'/Users/ankin/Documents/element-x-fork/ios/build-archive/sTalk.xcarchive/Products/Applications/sTalk.app/Frameworks/LiveKitWebRTC.framework/LiveKitWebRTC'>', hardenedRuntime='0'>'>
2026-04-28 23:55:40 +0000 [MT] Skipping profile for item: <IDEDistributionItem: 0xc09b968e0; bundleID='com.maplibre.mapbox', path='<DVTFilePath:0xc0bce7250:'/Users/ankin/Documents/element-x-fork/ios/build-archive/sTalk.xcarchive/Products/Applications/sTalk.app/Frameworks/MapLibre.framework'>', codeSigningInfo='<_DVTCodeSigningInformation_Path: 0xc09b966a0; isSigned='1', isAdHocSigned='0', signingCertificate='<DVTSigningCertificate: 0xc0b6ff6c0; name='Apple Distribution: Sergey Tymbay (Z44H678J3R)', hash='36BC84FF7CCCF400198FCB9DFE6C2DF61CB8F002', serialNumber='7A9C8E9F5516D1399C3A476F927A6537', certificateKinds='(
    "1.2.840.113635.100.6.1.7",
    "1.2.840.113635.100.6.1.4"
), issueDate='2026-04-01 13:11:38 +0000''>', entitlements='(null)', teamID='Z44H678J3R', identifier='com.maplibre.mapbox', executablePath='<DVTFilePath:0xc09b732a0:'/Users/ankin/Documents/element-x-fork/ios/build-archive/sTalk.xcarchive/Products/Applications/sTalk.app/Frameworks/MapLibre.framework/MapLibre'>', hardenedRuntime='0'>'>
2026-04-28 23:55:40 +0000 [MT] Skipping profile for item: <IDEDistributionItem: 0xc09b962e0; bundleID='matrix-rust-components-swift.MatrixRustSDK', path='<DVTFilePath:0xc0bd10620:'/Users/ankin/Documents/element-x-fork/ios/build-archive/sTalk.xcarchive/Products/Applications/sTalk.app/Frameworks/MatrixRustSDK.framework'>', codeSigningInfo='<_DVTCodeSigningInformation_Path: 0xc09b96220; isSigned='1', isAdHocSigned='0', signingCertificate='<DVTSigningCertificate: 0xc0b6ff6c0; name='Apple Distribution: Sergey Tymbay (Z44H678J3R)', hash='36BC84FF7CCCF400198FCB9DFE6C2DF61CB8F002', serialNumber='7A9C8E9F5516D1399C3A476F927A6537', certificateKinds='(
    "1.2.840.113635.100.6.1.7",
    "1.2.840.113635.100.6.1.4"
), issueDate='2026-04-01 13:11:38 +0000''>', entitlements='(null)', teamID='Z44H678J3R', identifier='matrix-rust-components-swift.MatrixRustSDK', executablePath='<DVTFilePath:0xc09b95020:'/Users/ankin/Documents/element-x-fork/ios/build-archive/sTalk.xcarchive/Products/Applications/sTalk.app/Frameworks/MatrixRustSDK.framework/MatrixRustSDK'>', hardenedRuntime='0'>'>
2026-04-28 23:55:40 +0000 [MT] Skipping profile for item: <IDEDistributionItem: 0xc09b96340; bundleID='io.sentry.Sentry', path='<DVTFilePath:0xc0bce7100:'/Users/ankin/Documents/element-x-fork/ios/build-archive/sTalk.xcarchive/Products/Applications/sTalk.app/Frameworks/Sentry.framework'>', codeSigningInfo='<_DVTCodeSigningInformation_Path: 0xc09b96280; isSigned='1', isAdHocSigned='0', signingCertificate='<DVTSigningCertificate: 0xc0b6ff6c0; name='Apple Distribution: Sergey Tymbay (Z44H678J3R)', hash='36BC84FF7CCCF400198FCB9DFE6C2DF61CB8F002', serialNumber='7A9C8E9F5516D1399C3A476F927A6537', certificateKinds='(
    "1.2.840.113635.100.6.1.7",
    "1.2.840.113635.100.6.1.4"
), issueDate='2026-04-01 13:11:38 +0000''>', entitlements='(null)', teamID='Z44H678J3R', identifier='io.sentry.Sentry', executablePath='<DVTFilePath:0xc09b71680:'/Users/ankin/Documents/element-x-fork/ios/build-archive/sTalk.xcarchive/Products/Applications/sTalk.app/Frameworks/Sentry.framework/Sentry'>', hardenedRuntime='0'>'>
2026-04-28 23:55:40 +0000 [MT] Skipping profile for item: <IDEDistributionItem: 0xc0af24060; bundleID='im.vector.ogg-swift', path='<DVTFilePath:0xc0bce7090:'/Users/ankin/Documents/element-x-fork/ios/build-archive/sTalk.xcarchive/Products/Applications/sTalk.app/Frameworks/YbridOgg.framework'>', codeSigningInfo='<_DVTCodeSigningInformation_Path: 0xc09b96640; isSigned='1', isAdHocSigned='0', signingCertificate='<DVTSigningCertificate: 0xc0b6ff6c0; name='Apple Distribution: Sergey Tymbay (Z44H678J3R)', hash='36BC84FF7CCCF400198FCB9DFE6C2DF61CB8F002', serialNumber='7A9C8E9F5516D1399C3A476F927A6537', certificateKinds='(
    "1.2.840.113635.100.6.1.7",
    "1.2.840.113635.100.6.1.4"
), issueDate='2026-04-01 13:11:38 +0000''>', entitlements='(null)', teamID='Z44H678J3R', identifier='im.vector.ogg-swift', executablePath='<DVTFilePath:0xc09b71200:'/Users/ankin/Documents/element-x-fork/ios/build-archive/sTalk.xcarchive/Products/Applications/sTalk.app/Frameworks/YbridOgg.framework/YbridOgg'>', hardenedRuntime='0'>'>
2026-04-28 23:55:40 +0000 [MT] Skipping profile for item: <IDEDistributionItem: 0xc09b96400; bundleID='im.vector.opus-swift', path='<DVTFilePath:0xc0bce71e0:'/Users/ankin/Documents/element-x-fork/ios/build-archive/sTalk.xcarchive/Products/Applications/sTalk.app/Frameworks/YbridOpus.framework'>', codeSigningInfo='<_DVTCodeSigningInformation_Path: 0xc09b963a0; isSigned='1', isAdHocSigned='0', signingCertificate='<DVTSigningCertificate: 0xc0b6ff6c0; name='Apple Distribution: Sergey Tymbay (Z44H678J3R)', hash='36BC84FF7CCCF400198FCB9DFE6C2DF61CB8F002', serialNumber='7A9C8E9F5516D1399C3A476F927A6537', certificateKinds='(
    "1.2.840.113635.100.6.1.7",
    "1.2.840.113635.100.6.1.4"
), issueDate='2026-04-01 13:11:38 +0000''>', entitlements='(null)', teamID='Z44H678J3R', identifier='im.vector.opus-swift', executablePath='<DVTFilePath:0xc09b71b60:'/Users/ankin/Documents/element-x-fork/ios/build-archive/sTalk.xcarchive/Products/Applications/sTalk.app/Frameworks/YbridOpus.framework/YbridOpus'>', hardenedRuntime='0'>'>
2026-04-28 23:55:40 +0000 [MT] Processing step: IDEDistributionInfoPlistStep
2026-04-28 23:55:40 +0000 [MT] Skipping Info.plist step because item: <IDEDistributionItem: 0xc09b965e0; bundleID='io.livekit.LiveKitWebRTC', path='<DVTFilePath:0xc0bd10a10:'/Users/ankin/Documents/element-x-fork/ios/build-archive/sTalk.xcarchive/Products/Applications/sTalk.app/Frameworks/LiveKitWebRTC.framework'>', codeSigningInfo='<_DVTCodeSigningInformation_Path: 0xc09b96820; isSigned='1', isAdHocSigned='0', signingCertificate='<DVTSigningCertificate: 0xc0b6ff6c0; name='Apple Distribution: Sergey Tymbay (Z44H678J3R)', hash='36BC84FF7CCCF400198FCB9DFE6C2DF61CB8F002', serialNumber='7A9C8E9F5516D1399C3A476F927A6537', certificateKinds='(
    "1.2.840.113635.100.6.1.7",
    "1.2.840.113635.100.6.1.4"
), issueDate='2026-04-01 13:11:38 +0000''>', entitlements='(null)', teamID='Z44H678J3R', identifier='io.livekit.LiveKitWebRTC', executablePath='<DVTFilePath:0xc09b95440:'/Users/ankin/Documents/element-x-fork/ios/build-archive/sTalk.xcarchive/Products/Applications/sTalk.app/Frameworks/LiveKitWebRTC.framework/LiveKitWebRTC'>', hardenedRuntime='0'>'> is a framework or embedded in a framework.
2026-04-28 23:55:40 +0000 [MT] Skipping Info.plist step because item: <IDEDistributionItem: 0xc09b968e0; bundleID='com.maplibre.mapbox', path='<DVTFilePath:0xc0bce7250:'/Users/ankin/Documents/element-x-fork/ios/build-archive/sTalk.xcarchive/Products/Applications/sTalk.app/Frameworks/MapLibre.framework'>', codeSigningInfo='<_DVTCodeSigningInformation_Path: 0xc09b966a0; isSigned='1', isAdHocSigned='0', signingCertificate='<DVTSigningCertificate: 0xc0b6ff6c0; name='Apple Distribution: Sergey Tymbay (Z44H678J3R)', hash='36BC84FF7CCCF400198FCB9DFE6C2DF61CB8F002', serialNumber='7A9C8E9F5516D1399C3A476F927A6537', certificateKinds='(
    "1.2.840.113635.100.6.1.7",
    "1.2.840.113635.100.6.1.4"
), issueDate='2026-04-01 13:11:38 +0000''>', entitlements='(null)', teamID='Z44H678J3R', identifier='com.maplibre.mapbox', executablePath='<DVTFilePath:0xc09b732a0:'/Users/ankin/Documents/element-x-fork/ios/build-archive/sTalk.xcarchive/Products/Applications/sTalk.app/Frameworks/MapLibre.framework/MapLibre'>', hardenedRuntime='0'>'> is a framework or embedded in a framework.
2026-04-28 23:55:40 +0000 [MT] Skipping Info.plist step because item: <IDEDistributionItem: 0xc09b962e0; bundleID='matrix-rust-components-swift.MatrixRustSDK', path='<DVTFilePath:0xc0bd10620:'/Users/ankin/Documents/element-x-fork/ios/build-archive/sTalk.xcarchive/Products/Applications/sTalk.app/Frameworks/MatrixRustSDK.framework'>', codeSigningInfo='<_DVTCodeSigningInformation_Path: 0xc09b96220; isSigned='1', isAdHocSigned='0', signingCertificate='<DVTSigningCertificate: 0xc0b6ff6c0; name='Apple Distribution: Sergey Tymbay (Z44H678J3R)', hash='36BC84FF7CCCF400198FCB9DFE6C2DF61CB8F002', serialNumber='7A9C8E9F5516D1399C3A476F927A6537', certificateKinds='(
    "1.2.840.113635.100.6.1.7",
    "1.2.840.113635.100.6.1.4"
), issueDate='2026-04-01 13:11:38 +0000''>', entitlements='(null)', teamID='Z44H678J3R', identifier='matrix-rust-components-swift.MatrixRustSDK', executablePath='<DVTFilePath:0xc09b95020:'/Users/ankin/Documents/element-x-fork/ios/build-archive/sTalk.xcarchive/Products/Applications/sTalk.app/Frameworks/MatrixRustSDK.framework/MatrixRustSDK'>', hardenedRuntime='0'>'> is a framework or embedded in a framework.
2026-04-28 23:55:40 +0000 [MT] Skipping Info.plist step because item: <IDEDistributionItem: 0xc09b96340; bundleID='io.sentry.Sentry', path='<DVTFilePath:0xc0bce7100:'/Users/ankin/Documents/element-x-fork/ios/build-archive/sTalk.xcarchive/Products/Applications/sTalk.app/Frameworks/Sentry.framework'>', codeSigningInfo='<_DVTCodeSigningInformation_Path: 0xc09b96280; isSigned='1', isAdHocSigned='0', signingCertificate='<DVTSigningCertificate: 0xc0b6ff6c0; name='Apple Distribution: Sergey Tymbay (Z44H678J3R)', hash='36BC84FF7CCCF400198FCB9DFE6C2DF61CB8F002', serialNumber='7A9C8E9F5516D1399C3A476F927A6537', certificateKinds='(
    "1.2.840.113635.100.6.1.7",
    "1.2.840.113635.100.6.1.4"
), issueDate='2026-04-01 13:11:38 +0000''>', entitlements='(null)', teamID='Z44H678J3R', identifier='io.sentry.Sentry', executablePath='<DVTFilePath:0xc09b71680:'/Users/ankin/Documents/element-x-fork/ios/build-archive/sTalk.xcarchive/Products/Applications/sTalk.app/Frameworks/Sentry.framework/Sentry'>', hardenedRuntime='0'>'> is a framework or embedded in a framework.
2026-04-28 23:55:40 +0000 [MT] Skipping Info.plist step because item: <IDEDistributionItem: 0xc0af24060; bundleID='im.vector.ogg-swift', path='<DVTFilePath:0xc0bce7090:'/Users/ankin/Documents/element-x-fork/ios/build-archive/sTalk.xcarchive/Products/Applications/sTalk.app/Frameworks/YbridOgg.framework'>', codeSigningInfo='<_DVTCodeSigningInformation_Path: 0xc09b96640; isSigned='1', isAdHocSigned='0', signingCertificate='<DVTSigningCertificate: 0xc0b6ff6c0; name='Apple Distribution: Sergey Tymbay (Z44H678J3R)', hash='36BC84FF7CCCF400198FCB9DFE6C2DF61CB8F002', serialNumber='7A9C8E9F5516D1399C3A476F927A6537', certificateKinds='(
    "1.2.840.113635.100.6.1.7",
    "1.2.840.113635.100.6.1.4"
), issueDate='2026-04-01 13:11:38 +0000''>', entitlements='(null)', teamID='Z44H678J3R', identifier='im.vector.ogg-swift', executablePath='<DVTFilePath:0xc09b71200:'/Users/ankin/Documents/element-x-fork/ios/build-archive/sTalk.xcarchive/Products/Applications/sTalk.app/Frameworks/YbridOgg.framework/YbridOgg'>', hardenedRuntime='0'>'> is a framework or embedded in a framework.
2026-04-28 23:55:40 +0000 [MT] Skipping Info.plist step because item: <IDEDistributionItem: 0xc09b96400; bundleID='im.vector.opus-swift', path='<DVTFilePath:0xc0bce71e0:'/Users/ankin/Documents/element-x-fork/ios/build-archive/sTalk.xcarchive/Products/Applications/sTalk.app/Frameworks/YbridOpus.framework'>', codeSigningInfo='<_DVTCodeSigningInformation_Path: 0xc09b963a0; isSigned='1', isAdHocSigned='0', signingCertificate='<DVTSigningCertificate: 0xc0b6ff6c0; name='Apple Distribution: Sergey Tymbay (Z44H678J3R)', hash='36BC84FF7CCCF400198FCB9DFE6C2DF61CB8F002', serialNumber='7A9C8E9F5516D1399C3A476F927A6537', certificateKinds='(
    "1.2.840.113635.100.6.1.7",
    "1.2.840.113635.100.6.1.4"
), issueDate='2026-04-01 13:11:38 +0000''>', entitlements='(null)', teamID='Z44H678J3R', identifier='im.vector.opus-swift', executablePath='<DVTFilePath:0xc09b71b60:'/Users/ankin/Documents/element-x-fork/ios/build-archive/sTalk.xcarchive/Products/Applications/sTalk.app/Frameworks/YbridOpus.framework/YbridOpus'>', hardenedRuntime='0'>'> is a framework or embedded in a framework.
2026-04-28 23:55:40 +0000 [MT] Skipping setting DTXcodeBuildDistribution because toolsBuildVersionName was nil.
2026-04-28 23:55:40 +0000 [MT] Skipping setting DTXcodeBuildDistribution because toolsBuildVersionName was nil.
2026-04-28 23:55:40 +0000 [MT] Skipping setting DTXcodeBuildDistribution because toolsBuildVersionName was nil.
2026-04-28 23:55:40 +0000 [MT] Processing step: IDEDistributionItemRemovalStep
2026-04-28 23:55:40 +0000 [MT] Processing step: IDEDistributionAppThinningPlistStep
2026-04-28 23:55:40 +0000 [MT] Skipping step: IDEDistributionAppThinningPlistStep because it said so
2026-04-28 23:55:40 +0000 [MT] Processing step: IDEDistributionSymbolsStep
2026-04-28 23:55:41 +0000 [MT] Writing /var/folders/59/qzr86rhs1rvd4hb30sj8hxpc0000gn/T/XcodeDistPipeline.~~~PvFU9R/Symbols/E7AFDC43-222F-3CCF-A3B2-0D4B9CCBA1E2.symbols
2026-04-28 23:55:41 +0000 [MT] Upload Symbols Failed
2026-04-28 23:55:41 +0000 [MT] Upload Symbols Failed
2026-04-28 23:55:42 +0000 [MT] Writing /var/folders/59/qzr86rhs1rvd4hb30sj8hxpc0000gn/T/XcodeDistPipeline.~~~PvFU9R/Symbols/C1BAE59B-F0CE-35F4-B4A1-B93D9F44959C.symbols
2026-04-28 23:55:42 +0000 [MT] Upload Symbols Failed
2026-04-28 23:55:42 +0000 [MT] Upload Symbols Failed
2026-04-28 23:55:42 +0000 [MT] Upload Symbols Failed
2026-04-28 23:55:42 +0000 [MT] Writing /var/folders/59/qzr86rhs1rvd4hb30sj8hxpc0000gn/T/XcodeDistPipeline.~~~PvFU9R/Symbols/175015CF-F89E-37F8-9E07-55FBDB0FB78F.symbols
2026-04-28 23:55:42 +0000 [MT] Writing /var/folders/59/qzr86rhs1rvd4hb30sj8hxpc0000gn/T/XcodeDistPipeline.~~~PvFU9R/Symbols/2EBEBADC-6E38-324D-A66F-79090E14D982.symbols
2026-04-28 23:55:42 +0000 [MT] Processing step: IDEDistributionCopyAppleProvidedContentStep
2026-04-28 23:55:42 +0000 [MT] Running /usr/bin/ditto '-V' '/Users/ankin/Documents/element-x-fork/ios/build-archive/sTalk.xcarchive/Signatures' '/var/folders/59/qzr86rhs1rvd4hb30sj8hxpc0000gn/T/XcodeDistPipeline.~~~PvFU9R/Root/Signatures'
2026-04-28 23:55:42 +0000  >>> Copying /Users/ankin/Documents/element-x-fork/ios/build-archive/sTalk.xcarchive/Signatures 
2026-04-28 23:55:42 +0000  copying file ./RustLiveKitUniFFI.xcframework-ios.signature ... 
2026-04-28 23:55:42 +0000  400 bytes for ./RustLiveKitUniFFI.xcframework-ios.signature
2026-04-28 23:55:42 +0000  copying file ./LiveKitWebRTC.xcframework-ios.signature ... 
2026-04-28 23:55:42 +0000  404 bytes for ./LiveKitWebRTC.xcframework-ios.signature
2026-04-28 23:55:42 +0000  copying file ./YbridOgg.xcframework-ios.signature ... 
2026-04-28 23:55:42 +0000  399 bytes for ./YbridOgg.xcframework-ios.signature
2026-04-28 23:55:42 +0000  copying file ./YbridOpus.xcframework-ios.signature ... 
2026-04-28 23:55:42 +0000  400 bytes for ./YbridOpus.xcframework-ios.signature
2026-04-28 23:55:42 +0000  copying file ./MatrixSDKFFI.xcframework-ios.signature ... 
2026-04-28 23:55:42 +0000  400 bytes for ./MatrixSDKFFI.xcframework-ios.signature
2026-04-28 23:55:42 +0000  copying file ./MapLibre.xcframework-ios.signature ... 
2026-04-28 23:55:42 +0000  399 bytes for ./MapLibre.xcframework-ios.signature
2026-04-28 23:55:42 +0000  copying file ./WysiwygComposerFFI.xcframework-ios.signature ... 
2026-04-28 23:55:42 +0000  409 bytes for ./WysiwygComposerFFI.xcframework-ios.signature
2026-04-28 23:55:42 +0000  copying file ./Sentry.xcframework-ios.signature ... 
2026-04-28 23:55:42 +0000  6200 bytes for ./Sentry.xcframework-ios.signature
2026-04-28 23:55:42 +0000 [MT] /usr/bin/ditto exited with 0
2026-04-28 23:55:42 +0000 [MT] Processing step: IDEDistributionAppThinningStep
2026-04-28 23:55:42 +0000 [MT] Skipping step: IDEDistributionAppThinningStep because it said so
2026-04-28 23:55:42 +0000 [MT] Processing step: IDEDistributionArchThinningStep
2026-04-28 23:55:42 +0000 [MT] Archs to thin for item /Users/ankin/Documents/element-x-fork/ios/build-archive/sTalk.xcarchive/Products/Applications/sTalk.app/Frameworks/LiveKitWebRTC.framework are []
2026-04-28 23:55:42 +0000 [MT] Archs to thin for item /Users/ankin/Documents/element-x-fork/ios/build-archive/sTalk.xcarchive/Products/Applications/sTalk.app/Frameworks/MapLibre.framework are []
2026-04-28 23:55:42 +0000 [MT] Archs to thin for item /Users/ankin/Documents/element-x-fork/ios/build-archive/sTalk.xcarchive/Products/Applications/sTalk.app/Frameworks/MatrixRustSDK.framework are []
2026-04-28 23:55:42 +0000 [MT] Archs to thin for item /Users/ankin/Documents/element-x-fork/ios/build-archive/sTalk.xcarchive/Products/Applications/sTalk.app/Frameworks/Sentry.framework are []
2026-04-28 23:55:42 +0000 [MT] Archs to thin for item /Users/ankin/Documents/element-x-fork/ios/build-archive/sTalk.xcarchive/Products/Applications/sTalk.app/Frameworks/YbridOgg.framework are []
2026-04-28 23:55:42 +0000 [MT] Archs to thin for item /Users/ankin/Documents/element-x-fork/ios/build-archive/sTalk.xcarchive/Products/Applications/sTalk.app/Frameworks/YbridOpus.framework are []
2026-04-28 23:55:42 +0000 [MT] Archs to thin for item /Users/ankin/Documents/element-x-fork/ios/build-archive/sTalk.xcarchive/Products/Applications/sTalk.app/PlugIns/NSE.appex are []
2026-04-28 23:55:42 +0000 [MT] Archs to thin for item /Users/ankin/Documents/element-x-fork/ios/build-archive/sTalk.xcarchive/Products/Applications/sTalk.app/PlugIns/ShareExtension.appex are []
2026-04-28 23:55:42 +0000 [MT] Archs to thin for item /Users/ankin/Documents/element-x-fork/ios/build-archive/sTalk.xcarchive/Products/Applications/sTalk.app are []
2026-04-28 23:55:42 +0000 [MT] Processing step: IDEDistributionODRStep
2026-04-28 23:55:42 +0000 [MT] Processing step: IDEDistributionStripXattrsStep
2026-04-28 23:55:42 +0000 [MT] Skipping stripping extended attributes because the codesign step will strip them.
2026-04-28 23:55:42 +0000 [MT] Skipping stripping extended attributes because the codesign step will strip them.
2026-04-28 23:55:42 +0000 [MT] Skipping stripping extended attributes because the codesign step will strip them.
2026-04-28 23:55:42 +0000 [MT] Skipping stripping extended attributes because the codesign step will strip them.
2026-04-28 23:55:42 +0000 [MT] Skipping stripping extended attributes because the codesign step will strip them.
2026-04-28 23:55:42 +0000 [MT] Skipping stripping extended attributes because the codesign step will strip them.
2026-04-28 23:55:42 +0000 [MT] Skipping stripping extended attributes because the codesign step will strip them.
2026-04-28 23:55:42 +0000 [MT] Skipping stripping extended attributes because the codesign step will strip them.
2026-04-28 23:55:42 +0000 [MT] Skipping stripping extended attributes because the codesign step will strip them.
2026-04-28 23:55:42 +0000 [MT] Processing step: IDEDistributionCodesignStep
2026-04-28 23:55:42 +0000 [MT] Entitlements for <IDEDistributionItem: 0xc09b965e0; bundleID='io.livekit.LiveKitWebRTC', path='<DVTFilePath:0xc0bd10a10:'/Users/ankin/Documents/element-x-fork/ios/build-archive/sTalk.xcarchive/Products/Applications/sTalk.app/Frameworks/LiveKitWebRTC.framework'>', codeSigningInfo='<_DVTCodeSigningInformation_Path: 0xc09b96820; isSigned='1', isAdHocSigned='0', signingCertificate='<DVTSigningCertificate: 0xc0b6ff6c0; name='Apple Distribution: Sergey Tymbay (Z44H678J3R)', hash='36BC84FF7CCCF400198FCB9DFE6C2DF61CB8F002', serialNumber='7A9C8E9F5516D1399C3A476F927A6537', certificateKinds='(
    "1.2.840.113635.100.6.1.7",
    "1.2.840.113635.100.6.1.4"
), issueDate='2026-04-01 13:11:38 +0000''>', entitlements='(null)', teamID='Z44H678J3R', identifier='io.livekit.LiveKitWebRTC', executablePath='<DVTFilePath:0xc09b95440:'/Users/ankin/Documents/element-x-fork/ios/build-archive/sTalk.xcarchive/Products/Applications/sTalk.app/Frameworks/LiveKitWebRTC.framework/LiveKitWebRTC'>', hardenedRuntime='0'>'>: {
}
2026-04-28 23:55:42 +0000 [MT] Associated App Clip Identifiers Filter: Skipping because "com.apple.developer.associated-appclip-app-identifiers" is not present
2026-04-28 23:55:42 +0000 [MT] Entitlements for <IDEDistributionItem: 0xc09b965e0; bundleID='io.livekit.LiveKitWebRTC', path='<DVTFilePath:0xc0bd10a10:'/Users/ankin/Documents/element-x-fork/ios/build-archive/sTalk.xcarchive/Products/Applications/sTalk.app/Frameworks/LiveKitWebRTC.framework'>', codeSigningInfo='<_DVTCodeSigningInformation_Path: 0xc09b96820; isSigned='1', isAdHocSigned='0', signingCertificate='<DVTSigningCertificate: 0xc0b6ff840; name='Apple Distribution: Sergey Tymbay (Z44H678J3R)', hash='36BC84FF7CCCF400198FCB9DFE6C2DF61CB8F002', serialNumber='7A9C8E9F5516D1399C3A476F927A6537', certificateKinds='(
    "1.2.840.113635.100.6.1.7",
    "1.2.840.113635.100.6.1.4"
), issueDate='2026-04-01 13:11:38 +0000''>', entitlements='(null)', teamID='Z44H678J3R', identifier='io.livekit.LiveKitWebRTC', executablePath='<DVTFilePath:0xc09b95440:'/Users/ankin/Documents/element-x-fork/ios/build-archive/sTalk.xcarchive/Products/Applications/sTalk.app/Frameworks/LiveKitWebRTC.framework/LiveKitWebRTC'>', hardenedRuntime='0'>'> are: {
}
2026-04-28 23:55:42 +0000 [MT] Writing entitlements for <IDEDistributionItem: 0xc09b965e0; bundleID='io.livekit.LiveKitWebRTC', path='<DVTFilePath:0xc0bd10a10:'/Users/ankin/Documents/element-x-fork/ios/build-archive/sTalk.xcarchive/Products/Applications/sTalk.app/Frameworks/LiveKitWebRTC.framework'>', codeSigningInfo='<_DVTCodeSigningInformation_Path: 0xc09b96820; isSigned='1', isAdHocSigned='0', signingCertificate='<DVTSigningCertificate: 0xc0b6ff840; name='Apple Distribution: Sergey Tymbay (Z44H678J3R)', hash='36BC84FF7CCCF400198FCB9DFE6C2DF61CB8F002', serialNumber='7A9C8E9F5516D1399C3A476F927A6537', certificateKinds='(
    "1.2.840.113635.100.6.1.7",
    "1.2.840.113635.100.6.1.4"
), issueDate='2026-04-01 13:11:38 +0000''>', entitlements='(null)', teamID='Z44H678J3R', identifier='io.livekit.LiveKitWebRTC', executablePath='<DVTFilePath:0xc09b95440:'/Users/ankin/Documents/element-x-fork/ios/build-archive/sTalk.xcarchive/Products/Applications/sTalk.app/Frameworks/LiveKitWebRTC.framework/LiveKitWebRTC'>', hardenedRuntime='0'>'> to: /var/folders/59/qzr86rhs1rvd4hb30sj8hxpc0000gn/T/XcodeDistPipeline.~~~PvFU9R/entitlements~~~tnh6jl
2026-04-28 23:55:42 +0000 [MT] invoking codesign: <NSConcreteTask: 0xc0974ad00; launchPath='/usr/bin/codesign', arguments='(
    "-f",
    "-s",
    36BC84FF7CCCF400198FCB9DFE6C2DF61CB8F002,
    "--entitlements",
    "/var/folders/59/qzr86rhs1rvd4hb30sj8hxpc0000gn/T/XcodeDistPipeline.~~~PvFU9R/entitlements~~~tnh6jl",
    "--preserve-metadata=identifier,flags,runtime,launch-constraints,library-constraints",
    "--generate-entitlement-der",
    "--strip-disallowed-xattrs",
    "-vvv",
    "/var/folders/59/qzr86rhs1rvd4hb30sj8hxpc0000gn/T/XcodeDistPipeline.~~~PvFU9R/Root/Payload/sTalk.app/Frameworks/LiveKitWebRTC.framework"
)'>
2026-04-28 23:55:42 +0000 [MT] codesign output: /var/folders/59/qzr86rhs1rvd4hb30sj8hxpc0000gn/T/XcodeDistPipeline.~~~PvFU9R/Root/Payload/sTalk.app/Frameworks/LiveKitWebRTC.framework: replacing existing signature
/var/folders/59/qzr86rhs1rvd4hb30sj8hxpc0000gn/T/XcodeDistPipeline.~~~PvFU9R/Root/Payload/sTalk.app/Frameworks/LiveKitWebRTC.framework: signed bundle with Mach-O universal (arm64) [io.livekit.LiveKitWebRTC]
2026-04-28 23:55:42 +0000 [MT] Entitlements for <IDEDistributionItem: 0xc09b968e0; bundleID='com.maplibre.mapbox', path='<DVTFilePath:0xc0bce7250:'/Users/ankin/Documents/element-x-fork/ios/build-archive/sTalk.xcarchive/Products/Applications/sTalk.app/Frameworks/MapLibre.framework'>', codeSigningInfo='<_DVTCodeSigningInformation_Path: 0xc09b966a0; isSigned='1', isAdHocSigned='0', signingCertificate='<DVTSigningCertificate: 0xc0b6ff6c0; name='Apple Distribution: Sergey Tymbay (Z44H678J3R)', hash='36BC84FF7CCCF400198FCB9DFE6C2DF61CB8F002', serialNumber='7A9C8E9F5516D1399C3A476F927A6537', certificateKinds='(
    "1.2.840.113635.100.6.1.7",
    "1.2.840.113635.100.6.1.4"
), issueDate='2026-04-01 13:11:38 +0000''>', entitlements='(null)', teamID='Z44H678J3R', identifier='com.maplibre.mapbox', executablePath='<DVTFilePath:0xc09b732a0:'/Users/ankin/Documents/element-x-fork/ios/build-archive/sTalk.xcarchive/Products/Applications/sTalk.app/Frameworks/MapLibre.framework/MapLibre'>', hardenedRuntime='0'>'>: {
}
2026-04-28 23:55:42 +0000 [MT] Associated App Clip Identifiers Filter: Skipping because "com.apple.developer.associated-appclip-app-identifiers" is not present
2026-04-28 23:55:42 +0000 [MT] Entitlements for <IDEDistributionItem: 0xc09b968e0; bundleID='com.maplibre.mapbox', path='<DVTFilePath:0xc0bce7250:'/Users/ankin/Documents/element-x-fork/ios/build-archive/sTalk.xcarchive/Products/Applications/sTalk.app/Frameworks/MapLibre.framework'>', codeSigningInfo='<_DVTCodeSigningInformation_Path: 0xc09b966a0; isSigned='1', isAdHocSigned='0', signingCertificate='<DVTSigningCertificate: 0xc0b6ff840; name='Apple Distribution: Sergey Tymbay (Z44H678J3R)', hash='36BC84FF7CCCF400198FCB9DFE6C2DF61CB8F002', serialNumber='7A9C8E9F5516D1399C3A476F927A6537', certificateKinds='(
    "1.2.840.113635.100.6.1.7",
    "1.2.840.113635.100.6.1.4"
), issueDate='2026-04-01 13:11:38 +0000''>', entitlements='(null)', teamID='Z44H678J3R', identifier='com.maplibre.mapbox', executablePath='<DVTFilePath:0xc09b732a0:'/Users/ankin/Documents/element-x-fork/ios/build-archive/sTalk.xcarchive/Products/Applications/sTalk.app/Frameworks/MapLibre.framework/MapLibre'>', hardenedRuntime='0'>'> are: {
}
2026-04-28 23:55:42 +0000 [MT] Writing entitlements for <IDEDistributionItem: 0xc09b968e0; bundleID='com.maplibre.mapbox', path='<DVTFilePath:0xc0bce7250:'/Users/ankin/Documents/element-x-fork/ios/build-archive/sTalk.xcarchive/Products/Applications/sTalk.app/Frameworks/MapLibre.framework'>', codeSigningInfo='<_DVTCodeSigningInformation_Path: 0xc09b966a0; isSigned='1', isAdHocSigned='0', signingCertificate='<DVTSigningCertificate: 0xc0b6ff840; name='Apple Distribution: Sergey Tymbay (Z44H678J3R)', hash='36BC84FF7CCCF400198FCB9DFE6C2DF61CB8F002', serialNumber='7A9C8E9F5516D1399C3A476F927A6537', certificateKinds='(
    "1.2.840.113635.100.6.1.7",
    "1.2.840.113635.100.6.1.4"
), issueDate='2026-04-01 13:11:38 +0000''>', entitlements='(null)', teamID='Z44H678J3R', identifier='com.maplibre.mapbox', executablePath='<DVTFilePath:0xc09b732a0:'/Users/ankin/Documents/element-x-fork/ios/build-archive/sTalk.xcarchive/Products/Applications/sTalk.app/Frameworks/MapLibre.framework/MapLibre'>', hardenedRuntime='0'>'> to: /var/folders/59/qzr86rhs1rvd4hb30sj8hxpc0000gn/T/XcodeDistPipeline.~~~PvFU9R/entitlements~~~02sX1M
2026-04-28 23:55:42 +0000 [MT] invoking codesign: <NSConcreteTask: 0xc09749db0; launchPath='/usr/bin/codesign', arguments='(
    "-f",
    "-s",
    36BC84FF7CCCF400198FCB9DFE6C2DF61CB8F002,
    "--entitlements",
    "/var/folders/59/qzr86rhs1rvd4hb30sj8hxpc0000gn/T/XcodeDistPipeline.~~~PvFU9R/entitlements~~~02sX1M",
    "--preserve-metadata=identifier,flags,runtime,launch-constraints,library-constraints",
    "--generate-entitlement-der",
    "--strip-disallowed-xattrs",
    "-vvv",
    "/var/folders/59/qzr86rhs1rvd4hb30sj8hxpc0000gn/T/XcodeDistPipeline.~~~PvFU9R/Root/Payload/sTalk.app/Frameworks/MapLibre.framework"
)'>
2026-04-28 23:55:42 +0000 [MT] codesign output: /var/folders/59/qzr86rhs1rvd4hb30sj8hxpc0000gn/T/XcodeDistPipeline.~~~PvFU9R/Root/Payload/sTalk.app/Frameworks/MapLibre.framework: replacing existing signature
/var/folders/59/qzr86rhs1rvd4hb30sj8hxpc0000gn/T/XcodeDistPipeline.~~~PvFU9R/Root/Payload/sTalk.app/Frameworks/MapLibre.framework: signed bundle with Mach-O thin (arm64) [com.maplibre.mapbox]
2026-04-28 23:55:42 +0000 [MT] Entitlements for <IDEDistributionItem: 0xc09b962e0; bundleID='matrix-rust-components-swift.MatrixRustSDK', path='<DVTFilePath:0xc0bd10620:'/Users/ankin/Documents/element-x-fork/ios/build-archive/sTalk.xcarchive/Products/Applications/sTalk.app/Frameworks/MatrixRustSDK.framework'>', codeSigningInfo='<_DVTCodeSigningInformation_Path: 0xc09b96220; isSigned='1', isAdHocSigned='0', signingCertificate='<DVTSigningCertificate: 0xc0b6ff6c0; name='Apple Distribution: Sergey Tymbay (Z44H678J3R)', hash='36BC84FF7CCCF400198FCB9DFE6C2DF61CB8F002', serialNumber='7A9C8E9F5516D1399C3A476F927A6537', certificateKinds='(
    "1.2.840.113635.100.6.1.7",
    "1.2.840.113635.100.6.1.4"
), issueDate='2026-04-01 13:11:38 +0000''>', entitlements='(null)', teamID='Z44H678J3R', identifier='matrix-rust-components-swift.MatrixRustSDK', executablePath='<DVTFilePath:0xc09b95020:'/Users/ankin/Documents/element-x-fork/ios/build-archive/sTalk.xcarchive/Products/Applications/sTalk.app/Frameworks/MatrixRustSDK.framework/MatrixRustSDK'>', hardenedRuntime='0'>'>: {
}
2026-04-28 23:55:42 +0000 [MT] Associated App Clip Identifiers Filter: Skipping because "com.apple.developer.associated-appclip-app-identifiers" is not present
2026-04-28 23:55:42 +0000 [MT] Entitlements for <IDEDistributionItem: 0xc09b962e0; bundleID='matrix-rust-components-swift.MatrixRustSDK', path='<DVTFilePath:0xc0bd10620:'/Users/ankin/Documents/element-x-fork/ios/build-archive/sTalk.xcarchive/Products/Applications/sTalk.app/Frameworks/MatrixRustSDK.framework'>', codeSigningInfo='<_DVTCodeSigningInformation_Path: 0xc09b96220; isSigned='1', isAdHocSigned='0', signingCertificate='<DVTSigningCertificate: 0xc0b6ff840; name='Apple Distribution: Sergey Tymbay (Z44H678J3R)', hash='36BC84FF7CCCF400198FCB9DFE6C2DF61CB8F002', serialNumber='7A9C8E9F5516D1399C3A476F927A6537', certificateKinds='(
    "1.2.840.113635.100.6.1.7",
    "1.2.840.113635.100.6.1.4"
), issueDate='2026-04-01 13:11:38 +0000''>', entitlements='(null)', teamID='Z44H678J3R', identifier='matrix-rust-components-swift.MatrixRustSDK', executablePath='<DVTFilePath:0xc09b95020:'/Users/ankin/Documents/element-x-fork/ios/build-archive/sTalk.xcarchive/Products/Applications/sTalk.app/Frameworks/MatrixRustSDK.framework/MatrixRustSDK'>', hardenedRuntime='0'>'> are: {
}
2026-04-28 23:55:42 +0000 [MT] Writing entitlements for <IDEDistributionItem: 0xc09b962e0; bundleID='matrix-rust-components-swift.MatrixRustSDK', path='<DVTFilePath:0xc0bd10620:'/Users/ankin/Documents/element-x-fork/ios/build-archive/sTalk.xcarchive/Products/Applications/sTalk.app/Frameworks/MatrixRustSDK.framework'>', codeSigningInfo='<_DVTCodeSigningInformation_Path: 0xc09b96220; isSigned='1', isAdHocSigned='0', signingCertificate='<DVTSigningCertificate: 0xc0b6ff840; name='Apple Distribution: Sergey Tymbay (Z44H678J3R)', hash='36BC84FF7CCCF400198FCB9DFE6C2DF61CB8F002', serialNumber='7A9C8E9F5516D1399C3A476F927A6537', certificateKinds='(
    "1.2.840.113635.100.6.1.7",
    "1.2.840.113635.100.6.1.4"
), issueDate='2026-04-01 13:11:38 +0000''>', entitlements='(null)', teamID='Z44H678J3R', identifier='matrix-rust-components-swift.MatrixRustSDK', executablePath='<DVTFilePath:0xc09b95020:'/Users/ankin/Documents/element-x-fork/ios/build-archive/sTalk.xcarchive/Products/Applications/sTalk.app/Frameworks/MatrixRustSDK.framework/MatrixRustSDK'>', hardenedRuntime='0'>'> to: /var/folders/59/qzr86rhs1rvd4hb30sj8hxpc0000gn/T/XcodeDistPipeline.~~~PvFU9R/entitlements~~~zEI6LV
2026-04-28 23:55:42 +0000 [MT] invoking codesign: <NSConcreteTask: 0xc09749db0; launchPath='/usr/bin/codesign', arguments='(
    "-f",
    "-s",
    36BC84FF7CCCF400198FCB9DFE6C2DF61CB8F002,
    "--entitlements",
    "/var/folders/59/qzr86rhs1rvd4hb30sj8hxpc0000gn/T/XcodeDistPipeline.~~~PvFU9R/entitlements~~~zEI6LV",
    "--preserve-metadata=identifier,flags,runtime,launch-constraints,library-constraints",
    "--generate-entitlement-der",
    "--strip-disallowed-xattrs",
    "-vvv",
    "/var/folders/59/qzr86rhs1rvd4hb30sj8hxpc0000gn/T/XcodeDistPipeline.~~~PvFU9R/Root/Payload/sTalk.app/Frameworks/MatrixRustSDK.framework"
)'>
2026-04-28 23:55:43 +0000 [MT] codesign output: /var/folders/59/qzr86rhs1rvd4hb30sj8hxpc0000gn/T/XcodeDistPipeline.~~~PvFU9R/Root/Payload/sTalk.app/Frameworks/MatrixRustSDK.framework: replacing existing signature
/var/folders/59/qzr86rhs1rvd4hb30sj8hxpc0000gn/T/XcodeDistPipeline.~~~PvFU9R/Root/Payload/sTalk.app/Frameworks/MatrixRustSDK.framework: signed bundle with Mach-O thin (arm64) [matrix-rust-components-swift.MatrixRustSDK]
2026-04-28 23:55:43 +0000 [MT] Entitlements for <IDEDistributionItem: 0xc09b96340; bundleID='io.sentry.Sentry', path='<DVTFilePath:0xc0bce7100:'/Users/ankin/Documents/element-x-fork/ios/build-archive/sTalk.xcarchive/Products/Applications/sTalk.app/Frameworks/Sentry.framework'>', codeSigningInfo='<_DVTCodeSigningInformation_Path: 0xc09b96280; isSigned='1', isAdHocSigned='0', signingCertificate='<DVTSigningCertificate: 0xc0b6ff6c0; name='Apple Distribution: Sergey Tymbay (Z44H678J3R)', hash='36BC84FF7CCCF400198FCB9DFE6C2DF61CB8F002', serialNumber='7A9C8E9F5516D1399C3A476F927A6537', certificateKinds='(
    "1.2.840.113635.100.6.1.7",
    "1.2.840.113635.100.6.1.4"
), issueDate='2026-04-01 13:11:38 +0000''>', entitlements='(null)', teamID='Z44H678J3R', identifier='io.sentry.Sentry', executablePath='<DVTFilePath:0xc09b71680:'/Users/ankin/Documents/element-x-fork/ios/build-archive/sTalk.xcarchive/Products/Applications/sTalk.app/Frameworks/Sentry.framework/Sentry'>', hardenedRuntime='0'>'>: {
}
2026-04-28 23:55:43 +0000 [MT] Associated App Clip Identifiers Filter: Skipping because "com.apple.developer.associated-appclip-app-identifiers" is not present
2026-04-28 23:55:43 +0000 [MT] Entitlements for <IDEDistributionItem: 0xc09b96340; bundleID='io.sentry.Sentry', path='<DVTFilePath:0xc0bce7100:'/Users/ankin/Documents/element-x-fork/ios/build-archive/sTalk.xcarchive/Products/Applications/sTalk.app/Frameworks/Sentry.framework'>', codeSigningInfo='<_DVTCodeSigningInformation_Path: 0xc09b96280; isSigned='1', isAdHocSigned='0', signingCertificate='<DVTSigningCertificate: 0xc0b6fec40; name='Apple Distribution: Sergey Tymbay (Z44H678J3R)', hash='36BC84FF7CCCF400198FCB9DFE6C2DF61CB8F002', serialNumber='7A9C8E9F5516D1399C3A476F927A6537', certificateKinds='(
    "1.2.840.113635.100.6.1.7",
    "1.2.840.113635.100.6.1.4"
), issueDate='2026-04-01 13:11:38 +0000''>', entitlements='(null)', teamID='Z44H678J3R', identifier='io.sentry.Sentry', executablePath='<DVTFilePath:0xc09b71680:'/Users/ankin/Documents/element-x-fork/ios/build-archive/sTalk.xcarchive/Products/Applications/sTalk.app/Frameworks/Sentry.framework/Sentry'>', hardenedRuntime='0'>'> are: {
}
2026-04-28 23:55:43 +0000 [MT] Writing entitlements for <IDEDistributionItem: 0xc09b96340; bundleID='io.sentry.Sentry', path='<DVTFilePath:0xc0bce7100:'/Users/ankin/Documents/element-x-fork/ios/build-archive/sTalk.xcarchive/Products/Applications/sTalk.app/Frameworks/Sentry.framework'>', codeSigningInfo='<_DVTCodeSigningInformation_Path: 0xc09b96280; isSigned='1', isAdHocSigned='0', signingCertificate='<DVTSigningCertificate: 0xc0b6fec40; name='Apple Distribution: Sergey Tymbay (Z44H678J3R)', hash='36BC84FF7CCCF400198FCB9DFE6C2DF61CB8F002', serialNumber='7A9C8E9F5516D1399C3A476F927A6537', certificateKinds='(
    "1.2.840.113635.100.6.1.7",
    "1.2.840.113635.100.6.1.4"
), issueDate='2026-04-01 13:11:38 +0000''>', entitlements='(null)', teamID='Z44H678J3R', identifier='io.sentry.Sentry', executablePath='<DVTFilePath:0xc09b71680:'/Users/ankin/Documents/element-x-fork/ios/build-archive/sTalk.xcarchive/Products/Applications/sTalk.app/Frameworks/Sentry.framework/Sentry'>', hardenedRuntime='0'>'> to: /var/folders/59/qzr86rhs1rvd4hb30sj8hxpc0000gn/T/XcodeDistPipeline.~~~PvFU9R/entitlements~~~Mq4ofw
2026-04-28 23:55:43 +0000 [MT] invoking codesign: <NSConcreteTask: 0xc09749db0; launchPath='/usr/bin/codesign', arguments='(
    "-f",
    "-s",
    36BC84FF7CCCF400198FCB9DFE6C2DF61CB8F002,
    "--entitlements",
    "/var/folders/59/qzr86rhs1rvd4hb30sj8hxpc0000gn/T/XcodeDistPipeline.~~~PvFU9R/entitlements~~~Mq4ofw",
    "--preserve-metadata=identifier,flags,runtime,launch-constraints,library-constraints",
    "--generate-entitlement-der",
    "--strip-disallowed-xattrs",
    "-vvv",
    "/var/folders/59/qzr86rhs1rvd4hb30sj8hxpc0000gn/T/XcodeDistPipeline.~~~PvFU9R/Root/Payload/sTalk.app/Frameworks/Sentry.framework"
)'>
2026-04-28 23:55:43 +0000 [MT] codesign output: /var/folders/59/qzr86rhs1rvd4hb30sj8hxpc0000gn/T/XcodeDistPipeline.~~~PvFU9R/Root/Payload/sTalk.app/Frameworks/Sentry.framework: replacing existing signature
/var/folders/59/qzr86rhs1rvd4hb30sj8hxpc0000gn/T/XcodeDistPipeline.~~~PvFU9R/Root/Payload/sTalk.app/Frameworks/Sentry.framework: signed bundle with Mach-O universal (arm64) [io.sentry.Sentry]
2026-04-28 23:55:43 +0000 [MT] Entitlements for <IDEDistributionItem: 0xc0af24060; bundleID='im.vector.ogg-swift', path='<DVTFilePath:0xc0bce7090:'/Users/ankin/Documents/element-x-fork/ios/build-archive/sTalk.xcarchive/Products/Applications/sTalk.app/Frameworks/YbridOgg.framework'>', codeSigningInfo='<_DVTCodeSigningInformation_Path: 0xc09b96640; isSigned='1', isAdHocSigned='0', signingCertificate='<DVTSigningCertificate: 0xc0b6ff6c0; name='Apple Distribution: Sergey Tymbay (Z44H678J3R)', hash='36BC84FF7CCCF400198FCB9DFE6C2DF61CB8F002', serialNumber='7A9C8E9F5516D1399C3A476F927A6537', certificateKinds='(
    "1.2.840.113635.100.6.1.7",
    "1.2.840.113635.100.6.1.4"
), issueDate='2026-04-01 13:11:38 +0000''>', entitlements='(null)', teamID='Z44H678J3R', identifier='im.vector.ogg-swift', executablePath='<DVTFilePath:0xc09b71200:'/Users/ankin/Documents/element-x-fork/ios/build-archive/sTalk.xcarchive/Products/Applications/sTalk.app/Frameworks/YbridOgg.framework/YbridOgg'>', hardenedRuntime='0'>'>: {
}
2026-04-28 23:55:43 +0000 [MT] Associated App Clip Identifiers Filter: Skipping because "com.apple.developer.associated-appclip-app-identifiers" is not present
2026-04-28 23:55:43 +0000 [MT] Entitlements for <IDEDistributionItem: 0xc0af24060; bundleID='im.vector.ogg-swift', path='<DVTFilePath:0xc0bce7090:'/Users/ankin/Documents/element-x-fork/ios/build-archive/sTalk.xcarchive/Products/Applications/sTalk.app/Frameworks/YbridOgg.framework'>', codeSigningInfo='<_DVTCodeSigningInformation_Path: 0xc09b96640; isSigned='1', isAdHocSigned='0', signingCertificate='<DVTSigningCertificate: 0xc0b6fec40; name='Apple Distribution: Sergey Tymbay (Z44H678J3R)', hash='36BC84FF7CCCF400198FCB9DFE6C2DF61CB8F002', serialNumber='7A9C8E9F5516D1399C3A476F927A6537', certificateKinds='(
    "1.2.840.113635.100.6.1.7",
    "1.2.840.113635.100.6.1.4"
), issueDate='2026-04-01 13:11:38 +0000''>', entitlements='(null)', teamID='Z44H678J3R', identifier='im.vector.ogg-swift', executablePath='<DVTFilePath:0xc09b71200:'/Users/ankin/Documents/element-x-fork/ios/build-archive/sTalk.xcarchive/Products/Applications/sTalk.app/Frameworks/YbridOgg.framework/YbridOgg'>', hardenedRuntime='0'>'> are: {
}
2026-04-28 23:55:43 +0000 [MT] Writing entitlements for <IDEDistributionItem: 0xc0af24060; bundleID='im.vector.ogg-swift', path='<DVTFilePath:0xc0bce7090:'/Users/ankin/Documents/element-x-fork/ios/build-archive/sTalk.xcarchive/Products/Applications/sTalk.app/Frameworks/YbridOgg.framework'>', codeSigningInfo='<_DVTCodeSigningInformation_Path: 0xc09b96640; isSigned='1', isAdHocSigned='0', signingCertificate='<DVTSigningCertificate: 0xc0b6fec40; name='Apple Distribution: Sergey Tymbay (Z44H678J3R)', hash='36BC84FF7CCCF400198FCB9DFE6C2DF61CB8F002', serialNumber='7A9C8E9F5516D1399C3A476F927A6537', certificateKinds='(
    "1.2.840.113635.100.6.1.7",
    "1.2.840.113635.100.6.1.4"
), issueDate='2026-04-01 13:11:38 +0000''>', entitlements='(null)', teamID='Z44H678J3R', identifier='im.vector.ogg-swift', executablePath='<DVTFilePath:0xc09b71200:'/Users/ankin/Documents/element-x-fork/ios/build-archive/sTalk.xcarchive/Products/Applications/sTalk.app/Frameworks/YbridOgg.framework/YbridOgg'>', hardenedRuntime='0'>'> to: /var/folders/59/qzr86rhs1rvd4hb30sj8hxpc0000gn/T/XcodeDistPipeline.~~~PvFU9R/entitlements~~~NFHwU7
2026-04-28 23:55:43 +0000 [MT] invoking codesign: <NSConcreteTask: 0xc09749db0; launchPath='/usr/bin/codesign', arguments='(
    "-f",
    "-s",
    36BC84FF7CCCF400198FCB9DFE6C2DF61CB8F002,
    "--entitlements",
    "/var/folders/59/qzr86rhs1rvd4hb30sj8hxpc0000gn/T/XcodeDistPipeline.~~~PvFU9R/entitlements~~~NFHwU7",
    "--preserve-metadata=identifier,flags,runtime,launch-constraints,library-constraints",
    "--generate-entitlement-der",
    "--strip-disallowed-xattrs",
    "-vvv",
    "/var/folders/59/qzr86rhs1rvd4hb30sj8hxpc0000gn/T/XcodeDistPipeline.~~~PvFU9R/Root/Payload/sTalk.app/Frameworks/YbridOgg.framework"
)'>
2026-04-28 23:55:43 +0000 [MT] codesign output: /var/folders/59/qzr86rhs1rvd4hb30sj8hxpc0000gn/T/XcodeDistPipeline.~~~PvFU9R/Root/Payload/sTalk.app/Frameworks/YbridOgg.framework: replacing existing signature
/var/folders/59/qzr86rhs1rvd4hb30sj8hxpc0000gn/T/XcodeDistPipeline.~~~PvFU9R/Root/Payload/sTalk.app/Frameworks/YbridOgg.framework: signed bundle with Mach-O universal (armv7 arm64) [im.vector.ogg-swift]
2026-04-28 23:55:43 +0000 [MT] Entitlements for <IDEDistributionItem: 0xc09b96400; bundleID='im.vector.opus-swift', path='<DVTFilePath:0xc0bce71e0:'/Users/ankin/Documents/element-x-fork/ios/build-archive/sTalk.xcarchive/Products/Applications/sTalk.app/Frameworks/YbridOpus.framework'>', codeSigningInfo='<_DVTCodeSigningInformation_Path: 0xc09b963a0; isSigned='1', isAdHocSigned='0', signingCertificate='<DVTSigningCertificate: 0xc0b6ff6c0; name='Apple Distribution: Sergey Tymbay (Z44H678J3R)', hash='36BC84FF7CCCF400198FCB9DFE6C2DF61CB8F002', serialNumber='7A9C8E9F5516D1399C3A476F927A6537', certificateKinds='(
    "1.2.840.113635.100.6.1.7",
    "1.2.840.113635.100.6.1.4"
), issueDate='2026-04-01 13:11:38 +0000''>', entitlements='(null)', teamID='Z44H678J3R', identifier='im.vector.opus-swift', executablePath='<DVTFilePath:0xc09b71b60:'/Users/ankin/Documents/element-x-fork/ios/build-archive/sTalk.xcarchive/Products/Applications/sTalk.app/Frameworks/YbridOpus.framework/YbridOpus'>', hardenedRuntime='0'>'>: {
}
2026-04-28 23:55:43 +0000 [MT] Associated App Clip Identifiers Filter: Skipping because "com.apple.developer.associated-appclip-app-identifiers" is not present
2026-04-28 23:55:43 +0000 [MT] Entitlements for <IDEDistributionItem: 0xc09b96400; bundleID='im.vector.opus-swift', path='<DVTFilePath:0xc0bce71e0:'/Users/ankin/Documents/element-x-fork/ios/build-archive/sTalk.xcarchive/Products/Applications/sTalk.app/Frameworks/YbridOpus.framework'>', codeSigningInfo='<_DVTCodeSigningInformation_Path: 0xc09b963a0; isSigned='1', isAdHocSigned='0', signingCertificate='<DVTSigningCertificate: 0xc0b6fec40; name='Apple Distribution: Sergey Tymbay (Z44H678J3R)', hash='36BC84FF7CCCF400198FCB9DFE6C2DF61CB8F002', serialNumber='7A9C8E9F5516D1399C3A476F927A6537', certificateKinds='(
    "1.2.840.113635.100.6.1.7",
    "1.2.840.113635.100.6.1.4"
), issueDate='2026-04-01 13:11:38 +0000''>', entitlements='(null)', teamID='Z44H678J3R', identifier='im.vector.opus-swift', executablePath='<DVTFilePath:0xc09b71b60:'/Users/ankin/Documents/element-x-fork/ios/build-archive/sTalk.xcarchive/Products/Applications/sTalk.app/Frameworks/YbridOpus.framework/YbridOpus'>', hardenedRuntime='0'>'> are: {
}
2026-04-28 23:55:43 +0000 [MT] Writing entitlements for <IDEDistributionItem: 0xc09b96400; bundleID='im.vector.opus-swift', path='<DVTFilePath:0xc0bce71e0:'/Users/ankin/Documents/element-x-fork/ios/build-archive/sTalk.xcarchive/Products/Applications/sTalk.app/Frameworks/YbridOpus.framework'>', codeSigningInfo='<_DVTCodeSigningInformation_Path: 0xc09b963a0; isSigned='1', isAdHocSigned='0', signingCertificate='<DVTSigningCertificate: 0xc0b6fec40; name='Apple Distribution: Sergey Tymbay (Z44H678J3R)', hash='36BC84FF7CCCF400198FCB9DFE6C2DF61CB8F002', serialNumber='7A9C8E9F5516D1399C3A476F927A6537', certificateKinds='(
    "1.2.840.113635.100.6.1.7",
    "1.2.840.113635.100.6.1.4"
), issueDate='2026-04-01 13:11:38 +0000''>', entitlements='(null)', teamID='Z44H678J3R', identifier='im.vector.opus-swift', executablePath='<DVTFilePath:0xc09b71b60:'/Users/ankin/Documents/element-x-fork/ios/build-archive/sTalk.xcarchive/Products/Applications/sTalk.app/Frameworks/YbridOpus.framework/YbridOpus'>', hardenedRuntime='0'>'> to: /var/folders/59/qzr86rhs1rvd4hb30sj8hxpc0000gn/T/XcodeDistPipeline.~~~PvFU9R/entitlements~~~tdV2vl
2026-04-28 23:55:43 +0000 [MT] invoking codesign: <NSConcreteTask: 0xc09749db0; launchPath='/usr/bin/codesign', arguments='(
    "-f",
    "-s",
    36BC84FF7CCCF400198FCB9DFE6C2DF61CB8F002,
    "--entitlements",
    "/var/folders/59/qzr86rhs1rvd4hb30sj8hxpc0000gn/T/XcodeDistPipeline.~~~PvFU9R/entitlements~~~tdV2vl",
    "--preserve-metadata=identifier,flags,runtime,launch-constraints,library-constraints",
    "--generate-entitlement-der",
    "--strip-disallowed-xattrs",
    "-vvv",
    "/var/folders/59/qzr86rhs1rvd4hb30sj8hxpc0000gn/T/XcodeDistPipeline.~~~PvFU9R/Root/Payload/sTalk.app/Frameworks/YbridOpus.framework"
)'>
2026-04-28 23:55:43 +0000 [MT] codesign output: /var/folders/59/qzr86rhs1rvd4hb30sj8hxpc0000gn/T/XcodeDistPipeline.~~~PvFU9R/Root/Payload/sTalk.app/Frameworks/YbridOpus.framework: replacing existing signature
/var/folders/59/qzr86rhs1rvd4hb30sj8hxpc0000gn/T/XcodeDistPipeline.~~~PvFU9R/Root/Payload/sTalk.app/Frameworks/YbridOpus.framework: signed bundle with Mach-O universal (armv7 arm64) [im.vector.opus-swift]
2026-04-28 23:55:43 +0000 [MT] Entitlements for <IDEDistributionItem: 0xc09b96460; bundleID='ru.implica.stalk.nse', path='<DVTFilePath:0xc09b26be0:'/Users/ankin/Documents/element-x-fork/ios/build-archive/sTalk.xcarchive/Products/Applications/sTalk.app/PlugIns/NSE.appex'>', codeSigningInfo='<_DVTCodeSigningInformation_Path: 0xc09b964c0; isSigned='1', isAdHocSigned='0', signingCertificate='<DVTSigningCertificate: 0xc0b6ff6c0; name='Apple Distribution: Sergey Tymbay (Z44H678J3R)', hash='36BC84FF7CCCF400198FCB9DFE6C2DF61CB8F002', serialNumber='7A9C8E9F5516D1399C3A476F927A6537', certificateKinds='(
    "1.2.840.113635.100.6.1.7",
    "1.2.840.113635.100.6.1.4"
), issueDate='2026-04-01 13:11:38 +0000''>', entitlements='{
    "application-identifier" = "Z44H678J3R.ru.implica.stalk.nse";
    "beta-reports-active" = 1;
    "com.apple.developer.team-identifier" = Z44H678J3R;
    "com.apple.security.application-groups" =     (
        "group.ru.implica.stalk.app"
    );
    "get-task-allow" = 0;
    "keychain-access-groups" =     (
        "Z44H678J3R.ru.implica.stalk"
    );
}', teamID='Z44H678J3R', identifier='ru.implica.stalk.nse', executablePath='<DVTFilePath:0xc09b276c0:'/Users/ankin/Documents/element-x-fork/ios/build-archive/sTalk.xcarchive/Products/Applications/sTalk.app/PlugIns/NSE.appex/NSE'>', hardenedRuntime='0'>'>: {
    "application-identifier" = "Z44H678J3R.ru.implica.stalk.nse";
    "beta-reports-active" = 1;
    "com.apple.developer.team-identifier" = Z44H678J3R;
    "com.apple.security.application-groups" =     (
        "group.ru.implica.stalk.app"
    );
    "get-task-allow" = 0;
    "keychain-access-groups" =     (
        "Z44H678J3R.ru.implica.stalk"
    );
}
2026-04-28 23:55:43 +0000 [MT] Associated App Clip Identifiers Filter: Skipping because "com.apple.developer.associated-appclip-app-identifiers" is not present
2026-04-28 23:55:43 +0000 [MT] Entitlements for <IDEDistributionItem: 0xc09b96460; bundleID='ru.implica.stalk.nse', path='<DVTFilePath:0xc09b26be0:'/Users/ankin/Documents/element-x-fork/ios/build-archive/sTalk.xcarchive/Products/Applications/sTalk.app/PlugIns/NSE.appex'>', codeSigningInfo='<_DVTCodeSigningInformation_Path: 0xc09b964c0; isSigned='1', isAdHocSigned='0', signingCertificate='<DVTSigningCertificate: 0xc0b6fec40; name='Apple Distribution: Sergey Tymbay (Z44H678J3R)', hash='36BC84FF7CCCF400198FCB9DFE6C2DF61CB8F002', serialNumber='7A9C8E9F5516D1399C3A476F927A6537', certificateKinds='(
    "1.2.840.113635.100.6.1.7",
    "1.2.840.113635.100.6.1.4"
), issueDate='2026-04-01 13:11:38 +0000''>', entitlements='{
    "application-identifier" = "Z44H678J3R.ru.implica.stalk.nse";
    "beta-reports-active" = 1;
    "com.apple.developer.team-identifier" = Z44H678J3R;
    "com.apple.security.application-groups" =     (
        "group.ru.implica.stalk.app"
    );
    "get-task-allow" = 0;
    "keychain-access-groups" =     (
        "Z44H678J3R.ru.implica.stalk"
    );
}', teamID='Z44H678J3R', identifier='ru.implica.stalk.nse', executablePath='<DVTFilePath:0xc09b276c0:'/Users/ankin/Documents/element-x-fork/ios/build-archive/sTalk.xcarchive/Products/Applications/sTalk.app/PlugIns/NSE.appex/NSE'>', hardenedRuntime='0'>'> are: {
    "application-identifier" = "Z44H678J3R.ru.implica.stalk.nse";
    "beta-reports-active" = 1;
    "com.apple.developer.team-identifier" = Z44H678J3R;
    "com.apple.security.application-groups" =     (
        "group.ru.implica.stalk.app"
    );
    "get-task-allow" = 0;
    "keychain-access-groups" =     (
        "Z44H678J3R.ru.implica.stalk"
    );
}
2026-04-28 23:55:43 +0000 [MT] Writing entitlements for <IDEDistributionItem: 0xc09b96460; bundleID='ru.implica.stalk.nse', path='<DVTFilePath:0xc09b26be0:'/Users/ankin/Documents/element-x-fork/ios/build-archive/sTalk.xcarchive/Products/Applications/sTalk.app/PlugIns/NSE.appex'>', codeSigningInfo='<_DVTCodeSigningInformation_Path: 0xc09b964c0; isSigned='1', isAdHocSigned='0', signingCertificate='<DVTSigningCertificate: 0xc0b6fec40; name='Apple Distribution: Sergey Tymbay (Z44H678J3R)', hash='36BC84FF7CCCF400198FCB9DFE6C2DF61CB8F002', serialNumber='7A9C8E9F5516D1399C3A476F927A6537', certificateKinds='(
    "1.2.840.113635.100.6.1.7",
    "1.2.840.113635.100.6.1.4"
), issueDate='2026-04-01 13:11:38 +0000''>', entitlements='{
    "application-identifier" = "Z44H678J3R.ru.implica.stalk.nse";
    "beta-reports-active" = 1;
    "com.apple.developer.team-identifier" = Z44H678J3R;
    "com.apple.security.application-groups" =     (
        "group.ru.implica.stalk.app"
    );
    "get-task-allow" = 0;
    "keychain-access-groups" =     (
        "Z44H678J3R.ru.implica.stalk"
    );
}', teamID='Z44H678J3R', identifier='ru.implica.stalk.nse', executablePath='<DVTFilePath:0xc09b276c0:'/Users/ankin/Documents/element-x-fork/ios/build-archive/sTalk.xcarchive/Products/Applications/sTalk.app/PlugIns/NSE.appex/NSE'>', hardenedRuntime='0'>'> to: /var/folders/59/qzr86rhs1rvd4hb30sj8hxpc0000gn/T/XcodeDistPipeline.~~~PvFU9R/entitlements~~~FVIADT
2026-04-28 23:55:43 +0000 [MT] invoking codesign: <NSConcreteTask: 0xc09749db0; launchPath='/usr/bin/codesign', arguments='(
    "-f",
    "-s",
    36BC84FF7CCCF400198FCB9DFE6C2DF61CB8F002,
    "--entitlements",
    "/var/folders/59/qzr86rhs1rvd4hb30sj8hxpc0000gn/T/XcodeDistPipeline.~~~PvFU9R/entitlements~~~FVIADT",
    "--preserve-metadata=identifier,flags,runtime,launch-constraints,library-constraints",
    "--generate-entitlement-der",
    "--strip-disallowed-xattrs",
    "-vvv",
    "/var/folders/59/qzr86rhs1rvd4hb30sj8hxpc0000gn/T/XcodeDistPipeline.~~~PvFU9R/Root/Payload/sTalk.app/PlugIns/NSE.appex"
)'>
2026-04-28 23:55:43 +0000 [MT] codesign output: /var/folders/59/qzr86rhs1rvd4hb30sj8hxpc0000gn/T/XcodeDistPipeline.~~~PvFU9R/Root/Payload/sTalk.app/PlugIns/NSE.appex: replacing existing signature
/var/folders/59/qzr86rhs1rvd4hb30sj8hxpc0000gn/T/XcodeDistPipeline.~~~PvFU9R/Root/Payload/sTalk.app/PlugIns/NSE.appex: signed bundle with Mach-O thin (arm64) [ru.implica.stalk.nse]
2026-04-28 23:55:43 +0000 [MT] Entitlements for <IDEDistributionItem: 0xc09b96520; bundleID='ru.implica.stalk.shareextension', path='<DVTFilePath:0xc0bce4930:'/Users/ankin/Documents/element-x-fork/ios/build-archive/sTalk.xcarchive/Products/Applications/sTalk.app/PlugIns/ShareExtension.appex'>', codeSigningInfo='<_DVTCodeSigningInformation_Path: 0xc09b96580; isSigned='1', isAdHocSigned='0', signingCertificate='<DVTSigningCertificate: 0xc0b6ff6c0; name='Apple Distribution: Sergey Tymbay (Z44H678J3R)', hash='36BC84FF7CCCF400198FCB9DFE6C2DF61CB8F002', serialNumber='7A9C8E9F5516D1399C3A476F927A6537', certificateKinds='(
    "1.2.840.113635.100.6.1.7",
    "1.2.840.113635.100.6.1.4"
), issueDate='2026-04-01 13:11:38 +0000''>', entitlements='{
    "application-identifier" = "Z44H678J3R.ru.implica.stalk.shareextension";
    "beta-reports-active" = 1;
    "com.apple.developer.team-identifier" = Z44H678J3R;
    "com.apple.security.application-groups" =     (
        "group.ru.implica.stalk.app"
    );
    "get-task-allow" = 0;
    "keychain-access-groups" =     (
        "Z44H678J3R.ru.implica.stalk"
    );
}', teamID='Z44H678J3R', identifier='ru.implica.stalk.shareextension', executablePath='<DVTFilePath:0xc09b27ae0:'/Users/ankin/Documents/element-x-fork/ios/build-archive/sTalk.xcarchive/Products/Applications/sTalk.app/PlugIns/ShareExtension.appex/ShareExtension'>', hardenedRuntime='0'>'>: {
    "application-identifier" = "Z44H678J3R.ru.implica.stalk.shareextension";
    "beta-reports-active" = 1;
    "com.apple.developer.team-identifier" = Z44H678J3R;
    "com.apple.security.application-groups" =     (
        "group.ru.implica.stalk.app"
    );
    "get-task-allow" = 0;
    "keychain-access-groups" =     (
        "Z44H678J3R.ru.implica.stalk"
    );
}
2026-04-28 23:55:43 +0000 [MT] Associated App Clip Identifiers Filter: Skipping because "com.apple.developer.associated-appclip-app-identifiers" is not present
2026-04-28 23:55:43 +0000 [MT] Entitlements for <IDEDistributionItem: 0xc09b96520; bundleID='ru.implica.stalk.shareextension', path='<DVTFilePath:0xc0bce4930:'/Users/ankin/Documents/element-x-fork/ios/build-archive/sTalk.xcarchive/Products/Applications/sTalk.app/PlugIns/ShareExtension.appex'>', codeSigningInfo='<_DVTCodeSigningInformation_Path: 0xc09b96580; isSigned='1', isAdHocSigned='0', signingCertificate='<DVTSigningCertificate: 0xc0b6fec40; name='Apple Distribution: Sergey Tymbay (Z44H678J3R)', hash='36BC84FF7CCCF400198FCB9DFE6C2DF61CB8F002', serialNumber='7A9C8E9F5516D1399C3A476F927A6537', certificateKinds='(
    "1.2.840.113635.100.6.1.7",
    "1.2.840.113635.100.6.1.4"
), issueDate='2026-04-01 13:11:38 +0000''>', entitlements='{
    "application-identifier" = "Z44H678J3R.ru.implica.stalk.shareextension";
    "beta-reports-active" = 1;
    "com.apple.developer.team-identifier" = Z44H678J3R;
    "com.apple.security.application-groups" =     (
        "group.ru.implica.stalk.app"
    );
    "get-task-allow" = 0;
    "keychain-access-groups" =     (
        "Z44H678J3R.ru.implica.stalk"
    );
}', teamID='Z44H678J3R', identifier='ru.implica.stalk.shareextension', executablePath='<DVTFilePath:0xc09b27ae0:'/Users/ankin/Documents/element-x-fork/ios/build-archive/sTalk.xcarchive/Products/Applications/sTalk.app/PlugIns/ShareExtension.appex/ShareExtension'>', hardenedRuntime='0'>'> are: {
    "application-identifier" = "Z44H678J3R.ru.implica.stalk.shareextension";
    "beta-reports-active" = 1;
    "com.apple.developer.team-identifier" = Z44H678J3R;
    "com.apple.security.application-groups" =     (
        "group.ru.implica.stalk.app"
    );
    "get-task-allow" = 0;
    "keychain-access-groups" =     (
        "Z44H678J3R.ru.implica.stalk"
    );
}
2026-04-28 23:55:43 +0000 [MT] Writing entitlements for <IDEDistributionItem: 0xc09b96520; bundleID='ru.implica.stalk.shareextension', path='<DVTFilePath:0xc0bce4930:'/Users/ankin/Documents/element-x-fork/ios/build-archive/sTalk.xcarchive/Products/Applications/sTalk.app/PlugIns/ShareExtension.appex'>', codeSigningInfo='<_DVTCodeSigningInformation_Path: 0xc09b96580; isSigned='1', isAdHocSigned='0', signingCertificate='<DVTSigningCertificate: 0xc0b6fec40; name='Apple Distribution: Sergey Tymbay (Z44H678J3R)', hash='36BC84FF7CCCF400198FCB9DFE6C2DF61CB8F002', serialNumber='7A9C8E9F5516D1399C3A476F927A6537', certificateKinds='(
    "1.2.840.113635.100.6.1.7",
    "1.2.840.113635.100.6.1.4"
), issueDate='2026-04-01 13:11:38 +0000''>', entitlements='{
    "application-identifier" = "Z44H678J3R.ru.implica.stalk.shareextension";
    "beta-reports-active" = 1;
    "com.apple.developer.team-identifier" = Z44H678J3R;
    "com.apple.security.application-groups" =     (
        "group.ru.implica.stalk.app"
    );
    "get-task-allow" = 0;
    "keychain-access-groups" =     (
        "Z44H678J3R.ru.implica.stalk"
    );
}', teamID='Z44H678J3R', identifier='ru.implica.stalk.shareextension', executablePath='<DVTFilePath:0xc09b27ae0:'/Users/ankin/Documents/element-x-fork/ios/build-archive/sTalk.xcarchive/Products/Applications/sTalk.app/PlugIns/ShareExtension.appex/ShareExtension'>', hardenedRuntime='0'>'> to: /var/folders/59/qzr86rhs1rvd4hb30sj8hxpc0000gn/T/XcodeDistPipeline.~~~PvFU9R/entitlements~~~tjB1kg
2026-04-28 23:55:43 +0000 [MT] invoking codesign: <NSConcreteTask: 0xc09749db0; launchPath='/usr/bin/codesign', arguments='(
    "-f",
    "-s",
    36BC84FF7CCCF400198FCB9DFE6C2DF61CB8F002,
    "--entitlements",
    "/var/folders/59/qzr86rhs1rvd4hb30sj8hxpc0000gn/T/XcodeDistPipeline.~~~PvFU9R/entitlements~~~tjB1kg",
    "--preserve-metadata=identifier,flags,runtime,launch-constraints,library-constraints",
    "--generate-entitlement-der",
    "--strip-disallowed-xattrs",
    "-vvv",
    "/var/folders/59/qzr86rhs1rvd4hb30sj8hxpc0000gn/T/XcodeDistPipeline.~~~PvFU9R/Root/Payload/sTalk.app/PlugIns/ShareExtension.appex"
)'>
2026-04-28 23:55:43 +0000 [MT] codesign output: /var/folders/59/qzr86rhs1rvd4hb30sj8hxpc0000gn/T/XcodeDistPipeline.~~~PvFU9R/Root/Payload/sTalk.app/PlugIns/ShareExtension.appex: replacing existing signature
/var/folders/59/qzr86rhs1rvd4hb30sj8hxpc0000gn/T/XcodeDistPipeline.~~~PvFU9R/Root/Payload/sTalk.app/PlugIns/ShareExtension.appex: signed bundle with Mach-O thin (arm64) [ru.implica.stalk.shareextension]
2026-04-28 23:55:43 +0000 [MT] Entitlements for <IDEDistributionItem: 0xc09b96940; bundleID='ru.implica.stalk', path='<DVTFilePath:0xc09963ae0:'/Users/ankin/Documents/element-x-fork/ios/build-archive/sTalk.xcarchive/Products/Applications/sTalk.app'>', codeSigningInfo='<_DVTCodeSigningInformation_Path: 0xc09b96880; isSigned='1', isAdHocSigned='0', signingCertificate='<DVTSigningCertificate: 0xc0b6ff6c0; name='Apple Distribution: Sergey Tymbay (Z44H678J3R)', hash='36BC84FF7CCCF400198FCB9DFE6C2DF61CB8F002', serialNumber='7A9C8E9F5516D1399C3A476F927A6537', certificateKinds='(
    "1.2.840.113635.100.6.1.7",
    "1.2.840.113635.100.6.1.4"
), issueDate='2026-04-01 13:11:38 +0000''>', entitlements='{
    "application-identifier" = "Z44H678J3R.ru.implica.stalk";
    "aps-environment" = production;
    "beta-reports-active" = 1;
    "com.apple.developer.associated-domains" =     (
        "applinks:stalk.implica.ru",
        "applinks:call.stalk.implica.ru",
        "webcredentials:stalk.implica.ru"
    );
    "com.apple.developer.team-identifier" = Z44H678J3R;
    "com.apple.developer.usernotifications.communication" = 1;
    "com.apple.security.application-groups" =     (
        "group.ru.implica.stalk.app"
    );
    "get-task-allow" = 0;
    "keychain-access-groups" =     (
        "Z44H678J3R.ru.implica.stalk"
    );
}', teamID='Z44H678J3R', identifier='ru.implica.stalk', executablePath='<DVTFilePath:0xc09b4c780:'/Users/ankin/Documents/element-x-fork/ios/build-archive/sTalk.xcarchive/Products/Applications/sTalk.app/sTalk'>', hardenedRuntime='0'>'>: {
    "application-identifier" = "Z44H678J3R.ru.implica.stalk";
    "aps-environment" = production;
    "beta-reports-active" = 1;
    "com.apple.developer.associated-domains" =     (
        "applinks:stalk.implica.ru",
        "applinks:call.stalk.implica.ru",
        "webcredentials:stalk.implica.ru"
    );
    "com.apple.developer.team-identifier" = Z44H678J3R;
    "com.apple.developer.usernotifications.communication" = 1;
    "com.apple.security.application-groups" =     (
        "group.ru.implica.stalk.app"
    );
    "get-task-allow" = 0;
    "keychain-access-groups" =     (
        "Z44H678J3R.ru.implica.stalk"
    );
}
2026-04-28 23:55:43 +0000 [MT] Associated App Clip Identifiers Filter: Skipping because "com.apple.developer.associated-appclip-app-identifiers" is not present
2026-04-28 23:55:43 +0000 [MT] Entitlements for <IDEDistributionItem: 0xc09b96940; bundleID='ru.implica.stalk', path='<DVTFilePath:0xc09963ae0:'/Users/ankin/Documents/element-x-fork/ios/build-archive/sTalk.xcarchive/Products/Applications/sTalk.app'>', codeSigningInfo='<_DVTCodeSigningInformation_Path: 0xc09b96880; isSigned='1', isAdHocSigned='0', signingCertificate='<DVTSigningCertificate: 0xc0b6fec40; name='Apple Distribution: Sergey Tymbay (Z44H678J3R)', hash='36BC84FF7CCCF400198FCB9DFE6C2DF61CB8F002', serialNumber='7A9C8E9F5516D1399C3A476F927A6537', certificateKinds='(
    "1.2.840.113635.100.6.1.7",
    "1.2.840.113635.100.6.1.4"
), issueDate='2026-04-01 13:11:38 +0000''>', entitlements='{
    "application-identifier" = "Z44H678J3R.ru.implica.stalk";
    "aps-environment" = production;
    "beta-reports-active" = 1;
    "com.apple.developer.associated-domains" =     (
        "applinks:stalk.implica.ru",
        "applinks:call.stalk.implica.ru",
        "webcredentials:stalk.implica.ru"
    );
    "com.apple.developer.team-identifier" = Z44H678J3R;
    "com.apple.developer.usernotifications.communication" = 1;
    "com.apple.security.application-groups" =     (
        "group.ru.implica.stalk.app"
    );
    "get-task-allow" = 0;
    "keychain-access-groups" =     (
        "Z44H678J3R.ru.implica.stalk"
    );
}', teamID='Z44H678J3R', identifier='ru.implica.stalk', executablePath='<DVTFilePath:0xc09b4c780:'/Users/ankin/Documents/element-x-fork/ios/build-archive/sTalk.xcarchive/Products/Applications/sTalk.app/sTalk'>', hardenedRuntime='0'>'> are: {
    "application-identifier" = "Z44H678J3R.ru.implica.stalk";
    "aps-environment" = production;
    "beta-reports-active" = 1;
    "com.apple.developer.associated-domains" =     (
        "applinks:stalk.implica.ru",
        "applinks:call.stalk.implica.ru",
        "webcredentials:stalk.implica.ru"
    );
    "com.apple.developer.team-identifier" = Z44H678J3R;
    "com.apple.developer.usernotifications.communication" = 1;
    "com.apple.security.application-groups" =     (
        "group.ru.implica.stalk.app"
    );
    "get-task-allow" = 0;
    "keychain-access-groups" =     (
        "Z44H678J3R.ru.implica.stalk"
    );
}
2026-04-28 23:55:43 +0000 [MT] Writing entitlements for <IDEDistributionItem: 0xc09b96940; bundleID='ru.implica.stalk', path='<DVTFilePath:0xc09963ae0:'/Users/ankin/Documents/element-x-fork/ios/build-archive/sTalk.xcarchive/Products/Applications/sTalk.app'>', codeSigningInfo='<_DVTCodeSigningInformation_Path: 0xc09b96880; isSigned='1', isAdHocSigned='0', signingCertificate='<DVTSigningCertificate: 0xc0b6fec40; name='Apple Distribution: Sergey Tymbay (Z44H678J3R)', hash='36BC84FF7CCCF400198FCB9DFE6C2DF61CB8F002', serialNumber='7A9C8E9F5516D1399C3A476F927A6537', certificateKinds='(
    "1.2.840.113635.100.6.1.7",
    "1.2.840.113635.100.6.1.4"
), issueDate='2026-04-01 13:11:38 +0000''>', entitlements='{
    "application-identifier" = "Z44H678J3R.ru.implica.stalk";
    "aps-environment" = production;
    "beta-reports-active" = 1;
    "com.apple.developer.associated-domains" =     (
        "applinks:stalk.implica.ru",
        "applinks:call.stalk.implica.ru",
        "webcredentials:stalk.implica.ru"
    );
    "com.apple.developer.team-identifier" = Z44H678J3R;
    "com.apple.developer.usernotifications.communication" = 1;
    "com.apple.security.application-groups" =     (
        "group.ru.implica.stalk.app"
    );
    "get-task-allow" = 0;
    "keychain-access-groups" =     (
        "Z44H678J3R.ru.implica.stalk"
    );
}', teamID='Z44H678J3R', identifier='ru.implica.stalk', executablePath='<DVTFilePath:0xc09b4c780:'/Users/ankin/Documents/element-x-fork/ios/build-archive/sTalk.xcarchive/Products/Applications/sTalk.app/sTalk'>', hardenedRuntime='0'>'> to: /var/folders/59/qzr86rhs1rvd4hb30sj8hxpc0000gn/T/XcodeDistPipeline.~~~PvFU9R/entitlements~~~0c5V1V
2026-04-28 23:55:43 +0000 [MT] invoking codesign: <NSConcreteTask: 0xc09749db0; launchPath='/usr/bin/codesign', arguments='(
    "-f",
    "-s",
    36BC84FF7CCCF400198FCB9DFE6C2DF61CB8F002,
    "--entitlements",
    "/var/folders/59/qzr86rhs1rvd4hb30sj8hxpc0000gn/T/XcodeDistPipeline.~~~PvFU9R/entitlements~~~0c5V1V",
    "--preserve-metadata=identifier,flags,runtime,launch-constraints,library-constraints",
    "--generate-entitlement-der",
    "--strip-disallowed-xattrs",
    "-vvv",
    "/var/folders/59/qzr86rhs1rvd4hb30sj8hxpc0000gn/T/XcodeDistPipeline.~~~PvFU9R/Root/Payload/sTalk.app"
)'>
2026-04-28 23:55:44 +0000 [MT] codesign output: /var/folders/59/qzr86rhs1rvd4hb30sj8hxpc0000gn/T/XcodeDistPipeline.~~~PvFU9R/Root/Payload/sTalk.app: replacing existing signature
/var/folders/59/qzr86rhs1rvd4hb30sj8hxpc0000gn/T/XcodeDistPipeline.~~~PvFU9R/Root/Payload/sTalk.app: signed app bundle with Mach-O thin (arm64) [ru.implica.stalk]
2026-04-28 23:55:44 +0000 [MT] Processing step: IDEDistributionZipODRItemStep
2026-04-28 23:55:44 +0000 [MT] Skipping step: IDEDistributionZipODRItemStep because it said so
2026-04-28 23:55:44 +0000 [MT] Skipping step: IDEDistributionZipODRItemStep because it said so
2026-04-28 23:55:44 +0000 [MT] Skipping step: IDEDistributionZipODRItemStep because it said so
2026-04-28 23:55:44 +0000 [MT] Skipping step: IDEDistributionZipODRItemStep because it said so
2026-04-28 23:55:44 +0000 [MT] Skipping step: IDEDistributionZipODRItemStep because it said so
2026-04-28 23:55:44 +0000 [MT] Skipping step: IDEDistributionZipODRItemStep because it said so
2026-04-28 23:55:44 +0000 [MT] Skipping step: IDEDistributionZipODRItemStep because it said so
2026-04-28 23:55:44 +0000 [MT] Skipping step: IDEDistributionZipODRItemStep because it said so
2026-04-28 23:55:44 +0000 [MT] Skipping step: IDEDistributionZipODRItemStep because it said so
2026-04-28 23:55:44 +0000 [MT] Processing step: IDEDistributionCreateIPAStep
2026-04-28 23:55:44 +0000 [MT] Running /usr/bin/rsync '-8aPhhE' '/var/folders/59/qzr86rhs1rvd4hb30sj8hxpc0000gn/T/XcodeDistPipeline.~~~PvFU9R/Symbols' '--link-dest' '/var/folders/59/qzr86rhs1rvd4hb30sj8hxpc0000gn/T/XcodeDistPipeline.~~~PvFU9R' '/var/folders/59/qzr86rhs1rvd4hb30sj8hxpc0000gn/T/XcodeDistPipeline.~~~PvFU9R/Root'
2026-04-28 23:55:44 +0000  Symbols/
._Symbols
            163  85%    1,75MB/s   00:00:00 (xfer#1, to-check=0/10)
2026-04-28 23:55:44 +0000  Symbols/175015CF-F89E-37F8-9E07-55FBDB0FB78F.symbols
Symbols/2EBEBADC-6E38-324D-A66F-79090E14D982.symbols
Symbols/C1BAE59B-F0CE-35F4-B4A1-B93D9F44959C.symbols
Symbols/E7AFDC43-222F-3CCF-A3B2-0D4B9CCBA1E2.symbols
Symbols/._175015CF-F89E-37F8-9E07-55FBDB0FB78F.symbols
            163   0%  292,70KB/s   00:00:00 (xfer#2, to-check=2/10)
2026-04-28 23:55:44 +0000  Symbols/._2EBEBADC-6E38-324D-A66F-79090E14D982.symbols
            163   0%  285,32KB/s   00:00:00 (xfer#3, to-check=3/10)
2026-04-28 23:55:44 +0000  Symbols/._C1BAE59B-F0CE-35F4-B4A1-B93D9F44959C.symbols
            163   0%  282,30KB/s   00:00:00 (xfer#4, to-check=4/10)
2026-04-28 23:55:44 +0000  Symbols/._E7AFDC43-222F-3CCF-A3B2-0D4B9CCBA1E2.symbols
            163   0%  340,81KB/s   00:00:00 (xfer#5, to-check=5/10)
2026-04-28 23:55:44 +0000 [MT] /usr/bin/rsync exited with 0
2026-04-28 23:55:44 +0000 [MT] Running /usr/bin/ditto '-V' '-c' '-k' '--norsrc' '/var/folders/59/qzr86rhs1rvd4hb30sj8hxpc0000gn/T/XcodeDistPipeline.~~~PvFU9R/Root' '/var/folders/59/qzr86rhs1rvd4hb30sj8hxpc0000gn/T/XcodeDistPipeline.~~~PvFU9R/Packages/sTalk.ipa'
2026-04-28 23:55:44 +0000  >>> Copying /var/folders/59/qzr86rhs1rvd4hb30sj8hxpc0000gn/T/XcodeDistPipeline.~~~PvFU9R/Root 
2026-04-28 23:55:44 +0000  copying file ./Signatures/RustLiveKitUniFFI.xcframework-ios.signature ... 
2026-04-28 23:55:44 +0000  400 bytes for ./Signatures/RustLiveKitUniFFI.xcframework-ios.signature
2026-04-28 23:55:44 +0000  copying file ./Signatures/LiveKitWebRTC.xcframework-ios.signature ... 
2026-04-28 23:55:44 +0000  404 bytes for ./Signatures/LiveKitWebRTC.xcframework-ios.signature
2026-04-28 23:55:44 +0000  copying file ./Signatures/YbridOgg.xcframework-ios.signature ... 
2026-04-28 23:55:44 +0000  399 bytes for ./Signatures/YbridOgg.xcframework-ios.signature
2026-04-28 23:55:44 +0000  copying file ./Signatures/YbridOpus.xcframework-ios.signature ... 
2026-04-28 23:55:44 +0000  400 bytes for ./Signatures/YbridOpus.xcframework-ios.signature
2026-04-28 23:55:44 +0000  copying file ./Signatures/MatrixSDKFFI.xcframework-ios.signature ... 
2026-04-28 23:55:44 +0000  400 bytes for ./Signatures/MatrixSDKFFI.xcframework-ios.signature
2026-04-28 23:55:44 +0000  copying file ./Signatures/MapLibre.xcframework-ios.signature ... 
2026-04-28 23:55:44 +0000  399 bytes for ./Signatures/MapLibre.xcframework-ios.signature
2026-04-28 23:55:44 +0000  copying file ./Signatures/WysiwygComposerFFI.xcframework-ios.signature ... 
2026-04-28 23:55:44 +0000  409 bytes for ./Signatures/WysiwygComposerFFI.xcframework-ios.signature
2026-04-28 23:55:44 +0000  copying file ./Signatures/Sentry.xcframework-ios.signature ... 
2026-04-28 23:55:44 +0000  6200 bytes for ./Signatures/Sentry.xcframework-ios.signature
2026-04-28 23:55:44 +0000  copying file ./Payload/sTalk.app/de.lproj/SAS.strings ... 
2026-04-28 23:55:44 +0000  1437 bytes for ./Payload/sTalk.app/de.lproj/SAS.strings
copying file ./Payload/sTalk.app/de.lproj/Localizable.strings ... 
2026-04-28 23:55:44 +0000  167861 bytes for ./Payload/sTalk.app/de.lproj/Localizable.strings
2026-04-28 23:55:44 +0000  copying file ./Payload/sTalk.app/de.lproj/InfoPlist.strings ... 
2026-04-28 23:55:44 +0000  868 bytes for ./Payload/sTalk.app/de.lproj/InfoPlist.strings
2026-04-28 23:55:44 +0000  copying file ./Payload/sTalk.app/de.lproj/Localizable.stringsdict ... 
2026-04-28 23:55:44 +0000  4146 bytes for ./Payload/sTalk.app/de.lproj/Localizable.stringsdict
2026-04-28 23:55:44 +0000  copying file ./Payload/sTalk.app/_CodeSignature/CodeResources ... 
2026-04-28 23:55:44 +0000  164185 bytes for ./Payload/sTalk.app/_CodeSignature/CodeResources
2026-04-28 23:55:44 +0000  copying file ./Payload/sTalk.app/ur.lproj/Localizable.strings ... 
2026-04-28 23:55:44 +0000  160030 bytes for ./Payload/sTalk.app/ur.lproj/Localizable.strings
2026-04-28 23:55:44 +0000  copying file ./Payload/sTalk.app/ur.lproj/InfoPlist.strings ... 
2026-04-28 23:55:44 +0000  1028 bytes for ./Payload/sTalk.app/ur.lproj/InfoPlist.strings
2026-04-28 23:55:44 +0000  copying file ./Payload/sTalk.app/ur.lproj/Localizable.stringsdict ... 
2026-04-28 23:55:44 +0000  4422 bytes for ./Payload/sTalk.app/ur.lproj/Localizable.stringsdict
2026-04-28 23:55:44 +0000  copying file ./Payload/sTalk.app/TabContacts.json ... 
2026-04-28 23:55:44 +0000  2228 bytes for ./Payload/sTalk.app/TabContacts.json
2026-04-28 23:55:44 +0000  copying file ./Payload/sTalk.app/zh-Hant-TW.lproj/Localizable.strings ... 
2026-04-28 23:55:44 +0000  111144 bytes for ./Payload/sTalk.app/zh-Hant-TW.lproj/Localizable.strings
2026-04-28 23:55:44 +0000  copying file ./Payload/sTalk.app/zh-Hant-TW.lproj/InfoPlist.strings ... 
2026-04-28 23:55:44 +0000  512 bytes for ./Payload/sTalk.app/zh-Hant-TW.lproj/InfoPlist.strings
2026-04-28 23:55:44 +0000  copying file ./Payload/sTalk.app/zh-Hant-TW.lproj/Localizable.stringsdict ... 
2026-04-28 23:55:44 +0000  3033 bytes for ./Payload/sTalk.app/zh-Hant-TW.lproj/Localizable.stringsdict
2026-04-28 23:55:44 +0000  copying file ./Payload/sTalk.app/el.lproj/Localizable.strings ... 
2026-04-28 23:55:44 +0000  183002 bytes for ./Payload/sTalk.app/el.lproj/Localizable.strings
2026-04-28 23:55:44 +0000  copying file ./Payload/sTalk.app/el.lproj/InfoPlist.strings ... 
2026-04-28 23:55:44 +0000  1128 bytes for ./Payload/sTalk.app/el.lproj/InfoPlist.strings
2026-04-28 23:55:44 +0000  copying file ./Payload/sTalk.app/el.lproj/Localizable.stringsdict ... 
2026-04-28 23:55:44 +0000  4872 bytes for ./Payload/sTalk.app/el.lproj/Localizable.stringsdict
2026-04-28 23:55:44 +0000  copying file ./Payload/sTalk.app/zh-Hans.lproj/SAS.strings ... 
2026-04-28 23:55:44 +0000  1172 bytes for ./Payload/sTalk.app/zh-Hans.lproj/SAS.strings
2026-04-28 23:55:44 +0000  copying file ./Payload/sTalk.app/zh-Hans.lproj/Localizable.strings ... 
2026-04-28 23:55:44 +0000  109733 bytes for ./Payload/sTalk.app/zh-Hans.lproj/Localizable.strings
copying file ./Payload/sTalk.app/zh-Hans.lproj/InfoPlist.strings ... 
2026-04-28 23:55:44 +0000  498 bytes for ./Payload/sTalk.app/zh-Hans.lproj/InfoPlist.strings
2026-04-28 23:55:44 +0000  copying file ./Payload/sTalk.app/zh-Hans.lproj/Localizable.stringsdict ... 
2026-04-28 23:55:44 +0000  3011 bytes for ./Payload/sTalk.app/zh-Hans.lproj/Localizable.stringsdict
2026-04-28 23:55:44 +0000  copying file ./Payload/sTalk.app/fa.lproj/SAS.strings ... 
2026-04-28 23:55:44 +0000  1490 bytes for ./Payload/sTalk.app/fa.lproj/SAS.strings
2026-04-28 23:55:44 +0000  copying file ./Payload/sTalk.app/fa.lproj/Localizable.strings ... 
2026-04-28 23:55:44 +0000  151687 bytes for ./Payload/sTalk.app/fa.lproj/Localizable.strings
copying file ./Payload/sTalk.app/fa.lproj/Localizable.stringsdict ... 
2026-04-28 23:55:44 +0000  3708 bytes for ./Payload/sTalk.app/fa.lproj/Localizable.stringsdict
2026-04-28 23:55:44 +0000  copying file ./Payload/sTalk.app/eu.lproj/Localizable.strings ... 
2026-04-28 23:55:44 +0000  131469 bytes for ./Payload/sTalk.app/eu.lproj/Localizable.strings
2026-04-28 23:55:44 +0000  copying file ./Payload/sTalk.app/eu.lproj/InfoPlist.strings ... 
2026-04-28 23:55:44 +0000  587 bytes for ./Payload/sTalk.app/eu.lproj/InfoPlist.strings
2026-04-28 23:55:44 +0000  copying file ./Payload/sTalk.app/eu.lproj/Localizable.stringsdict ... 
2026-04-28 23:55:44 +0000  3775 bytes for ./Payload/sTalk.app/eu.lproj/Localizable.stringsdict
2026-04-28 23:55:44 +0000  copying file ./Payload/sTalk.app/en.lproj/Untranslated.stringsdict ... 
2026-04-28 23:55:44 +0000  287 bytes for ./Payload/sTalk.app/en.lproj/Untranslated.stringsdict
2026-04-28 23:55:44 +0000  copying file ./Payload/sTalk.app/en.lproj/SAS.strings ... 
2026-04-28 23:55:44 +0000  1307 bytes for ./Payload/sTalk.app/en.lproj/SAS.strings
copying file ./Payload/sTalk.app/en.lproj/Localizable.strings ... 
2026-04-28 23:55:44 +0000  138887 bytes for ./Payload/sTalk.app/en.lproj/Localizable.strings
2026-04-28 23:55:44 +0000  copying file ./Payload/sTalk.app/en.lproj/InfoPlist.strings ... 
2026-04-28 23:55:44 +0000  574 bytes for ./Payload/sTalk.app/en.lproj/InfoPlist.strings
2026-04-28 23:55:44 +0000  copying file ./Payload/sTalk.app/en.lproj/Localizable.stringsdict ... 
2026-04-28 23:55:44 +0000  3775 bytes for ./Payload/sTalk.app/en.lproj/Localizable.stringsdict
2026-04-28 23:55:44 +0000  copying file ./Payload/sTalk.app/en.lproj/Untranslated.strings ... 
2026-04-28 23:55:44 +0000  1120 bytes for ./Payload/sTalk.app/en.lproj/Untranslated.strings
2026-04-28 23:55:44 +0000  copying file ./Payload/sTalk.app/uk.lproj/SAS.strings ... 
2026-04-28 23:55:44 +0000  1770 bytes for ./Payload/sTalk.app/uk.lproj/SAS.strings
2026-04-28 23:55:44 +0000  copying file ./Payload/sTalk.app/uk.lproj/Localizable.strings ... 
2026-04-28 23:55:44 +0000  175389 bytes for ./Payload/sTalk.app/uk.lproj/Localizable.strings
copying file ./Payload/sTalk.app/uk.lproj/InfoPlist.strings ... 
2026-04-28 23:55:44 +0000  986 bytes for ./Payload/sTalk.app/uk.lproj/InfoPlist.strings
2026-04-28 23:55:44 +0000  copying file ./Payload/sTalk.app/uk.lproj/Localizable.stringsdict ... 
2026-04-28 23:55:44 +0000  6107 bytes for ./Payload/sTalk.app/uk.lproj/Localizable.stringsdict
2026-04-28 23:55:44 +0000  copying file ./Payload/sTalk.app/Emojibase_Emojibase.bundle/emojibase.json ... 
2026-04-28 23:55:44 +0000  624991 bytes for ./Payload/sTalk.app/Emojibase_Emojibase.bundle/emojibase.json
2026-04-28 23:55:44 +0000  copying file ./Payload/sTalk.app/Emojibase_Emojibase.bundle/Info.plist ... 
2026-04-28 23:55:44 +0000  691 bytes for ./Payload/sTalk.app/Emojibase_Emojibase.bundle/Info.plist
2026-04-28 23:55:44 +0000  copying file ./Payload/sTalk.app/EmbeddedElementCall_EmbeddedElementCall.bundle/dist/index.html ... 
2026-04-28 23:55:44 +0000  420 bytes for ./Payload/sTalk.app/EmbeddedElementCall_EmbeddedElementCall.bundle/dist/index.html
2026-04-28 23:55:44 +0000  copying file ./Payload/sTalk.app/EmbeddedElementCall_EmbeddedElementCall.bundle/dist/config.json ... 
2026-04-28 23:55:44 +0000  250 bytes for ./Payload/sTalk.app/EmbeddedElementCall_EmbeddedElementCall.bundle/dist/config.json
2026-04-28 23:55:44 +0000  copying file ./Payload/sTalk.app/EmbeddedElementCall_EmbeddedElementCall.bundle/dist/assets/dog-BoQdnF-w.mp3 ... 
2026-04-28 23:55:44 +0000  11702 bytes for ./Payload/sTalk.app/EmbeddedElementCall_EmbeddedElementCall.bundle/dist/assets/dog-BoQdnF-w.mp3
2026-04-28 23:55:44 +0000  copying file ./Payload/sTalk.app/EmbeddedElementCall_EmbeddedElementCall.bundle/dist/assets/left_call-BbqmRgnC.mp3 ... 
2026-04-28 23:55:44 +0000  11647 bytes for ./Payload/sTalk.app/EmbeddedElementCall_EmbeddedElementCall.bundle/dist/assets/left_call-BbqmRgnC.mp3
2026-04-28 23:55:44 +0000  copying file ./Payload/sTalk.app/EmbeddedElementCall_EmbeddedElementCall.bundle/dist/assets/inter-cyrillic-400-normal-BLGc9T1a.woff2 ... 
2026-04-28 23:55:44 +0000  7712 bytes for ./Payload/sTalk.app/EmbeddedElementCall_EmbeddedElementCall.bundle/dist/assets/inter-cyrillic-400-normal-BLGc9T1a.woff2
2026-04-28 23:55:44 +0000  copying file ./Payload/sTalk.app/EmbeddedElementCall_EmbeddedElementCall.bundle/dist/assets/el-app-BBr3LLTK.json ... 
2026-04-28 23:55:44 +0000  7948 bytes for ./Payload/sTalk.app/EmbeddedElementCall_EmbeddedElementCall.bundle/dist/assets/el-app-BBr3LLTK.json
2026-04-28 23:55:44 +0000  copying file ./Payload/sTalk.app/EmbeddedElementCall_EmbeddedElementCall.bundle/dist/assets/cs-app-Du_5mVg3.json ... 
2026-04-28 23:55:44 +0000  12230 bytes for ./Payload/sTalk.app/EmbeddedElementCall_EmbeddedElementCall.bundle/dist/assets/cs-app-Du_5mVg3.json
2026-04-28 23:55:44 +0000  copying file ./Payload/sTalk.app/EmbeddedElementCall_EmbeddedElementCall.bundle/dist/assets/inter-cyrillic-700-normal-oWiwobpV.woff ... 
2026-04-28 23:55:44 +0000  9912 bytes for ./Payload/sTalk.app/EmbeddedElementCall_EmbeddedElementCall.bundle/dist/assets/inter-cyrillic-700-normal-oWiwobpV.woff
2026-04-28 23:55:44 +0000  copying file ./Payload/sTalk.app/EmbeddedElementCall_EmbeddedElementCall.bundle/dist/assets/selfie_segmenter-DF05sdL4.tflite ... 
2026-04-28 23:55:44 +0000  249537 bytes for ./Payload/sTalk.app/EmbeddedElementCall_EmbeddedElementCall.bundle/dist/assets/selfie_segmenter-DF05sdL4.tflite
copying file ./Payload/sTalk.app/EmbeddedElementCall_EmbeddedElementCall.bundle/dist/assets/matrix-sdk-crypto-wasm-DMhr4gdY.js ... 
2026-04-28 23:55:44 +0000  129975 bytes for ./Payload/sTalk.app/EmbeddedElementCall_EmbeddedElementCall.bundle/dist/assets/matrix-sdk-crypto-wasm-DMhr4gdY.js
copying file ./Payload/sTalk.app/EmbeddedElementCall_EmbeddedElementCall.bundle/dist/assets/inter-greek-ext-600-normal-CCFnzSpK.woff ... 
2026-04-28 23:55:44 +0000  7212 bytes for ./Payload/sTalk.app/EmbeddedElementCall_EmbeddedElementCall.bundle/dist/assets/inter-greek-ext-600-normal-CCFnzSpK.woff
2026-04-28 23:55:44 +0000  copying file ./Payload/sTalk.app/EmbeddedElementCall_EmbeddedElementCall.bundle/dist/assets/zh-Hant-app-BV1LKS_j.json ... 
2026-04-28 23:55:44 +0000  4729 bytes for ./Payload/sTalk.app/EmbeddedElementCall_EmbeddedElementCall.bundle/dist/assets/zh-Hant-app-BV1LKS_j.json
2026-04-28 23:55:44 +0000  copying file ./Payload/sTalk.app/EmbeddedElementCall_EmbeddedElementCall.bundle/dist/assets/baduntss-DOe0oFuS.mp3 ... 
2026-04-28 23:55:44 +0000  83165 bytes for ./Payload/sTalk.app/EmbeddedElementCall_EmbeddedElementCall.bundle/dist/assets/baduntss-DOe0oFuS.mp3
2026-04-28 23:55:44 +0000  copying file ./Payload/sTalk.app/EmbeddedElementCall_EmbeddedElementCall.bundle/dist/assets/index-BAfhaCa-.js.map ... 
2026-04-28 23:55:44 +0000  10721007 bytes for ./Payload/sTalk.app/EmbeddedElementCall_EmbeddedElementCall.bundle/dist/assets/index-BAfhaCa-.js.map
2026-04-28 23:55:44 +0000  copying file ./Payload/sTalk.app/EmbeddedElementCall_EmbeddedElementCall.bundle/dist/assets/inconsolata-vietnamese-400-normal-DfC_iMic.woff2 ... 
2026-04-28 23:55:44 +0000  8316 bytes for ./Payload/sTalk.app/EmbeddedElementCall_EmbeddedElementCall.bundle/dist/assets/inconsolata-vietnamese-400-normal-DfC_iMic.woff2
2026-04-28 23:55:44 +0000  copying file ./Payload/sTalk.app/EmbeddedElementCall_EmbeddedElementCall.bundle/dist/assets/pl-app-CUkXVSZk.json ... 
2026-04-28 23:55:44 +0000  11281 bytes for ./Payload/sTalk.app/EmbeddedElementCall_EmbeddedElementCall.bundle/dist/assets/pl-app-CUkXVSZk.json
2026-04-28 23:55:44 +0000  copying file ./Payload/sTalk.app/EmbeddedElementCall_EmbeddedElementCall.bundle/dist/assets/ru-app-CIijOjFj.json ... 
2026-04-28 23:55:44 +0000  16519 bytes for ./Payload/sTalk.app/EmbeddedElementCall_EmbeddedElementCall.bundle/dist/assets/ru-app-CIijOjFj.json
2026-04-28 23:55:44 +0000  copying file ./Payload/sTalk.app/EmbeddedElementCall_EmbeddedElementCall.bundle/dist/assets/vision_wasm_internal-TmjHuG4I.wasm ... 
2026-04-28 23:55:45 +0000  9574032 bytes for ./Payload/sTalk.app/EmbeddedElementCall_EmbeddedElementCall.bundle/dist/assets/vision_wasm_internal-TmjHuG4I.wasm
2026-04-28 23:55:45 +0000  copying file ./Payload/sTalk.app/EmbeddedElementCall_EmbeddedElementCall.bundle/dist/assets/inter-vietnamese-600-normal-Cc8MFFhd.woff2 ... 
2026-04-28 23:55:45 +0000  5100 bytes for ./Payload/sTalk.app/EmbeddedElementCall_EmbeddedElementCall.bundle/dist/assets/inter-vietnamese-600-normal-Cc8MFFhd.woff2
2026-04-28 23:55:45 +0000  copying file ./Payload/sTalk.app/EmbeddedElementCall_EmbeddedElementCall.bundle/dist/assets/polyfill-force-C-cqkbSt.js ... 
2026-04-28 23:55:45 +0000  240025 bytes for ./Payload/sTalk.app/EmbeddedElementCall_EmbeddedElementCall.bundle/dist/assets/polyfill-force-C-cqkbSt.js
2026-04-28 23:55:45 +0000  copying file ./Payload/sTalk.app/EmbeddedElementCall_EmbeddedElementCall.bundle/dist/assets/wave-FiiOzicp.ogg ... 
2026-04-28 23:55:45 +0000  22274 bytes for ./Payload/sTalk.app/EmbeddedElementCall_EmbeddedElementCall.bundle/dist/assets/wave-FiiOzicp.ogg
2026-04-28 23:55:45 +0000  copying file ./Payload/sTalk.app/EmbeddedElementCall_EmbeddedElementCall.bundle/dist/assets/call_declined-C6gHsCGH.ogg ... 
2026-04-28 23:55:45 +0000  11597 bytes for ./Payload/sTalk.app/EmbeddedElementCall_EmbeddedElementCall.bundle/dist/assets/call_declined-C6gHsCGH.ogg
2026-04-28 23:55:45 +0000  copying file ./Payload/sTalk.app/EmbeddedElementCall_EmbeddedElementCall.bundle/dist/assets/spa-3dms9gnk.js ... 
2026-04-28 23:55:45 +0000  1075 bytes for ./Payload/sTalk.app/EmbeddedElementCall_EmbeddedElementCall.bundle/dist/assets/spa-3dms9gnk.js
2026-04-28 23:55:45 +0000  copying file ./Payload/sTalk.app/EmbeddedElementCall_EmbeddedElementCall.bundle/dist/assets/sk-app-DaVEeQWZ.json ... 
2026-04-28 23:55:45 +0000  12196 bytes for ./Payload/sTalk.app/EmbeddedElementCall_EmbeddedElementCall.bundle/dist/assets/sk-app-DaVEeQWZ.json
2026-04-28 23:55:45 +0000  copying file ./Payload/sTalk.app/EmbeddedElementCall_EmbeddedElementCall.bundle/dist/assets/inter-greek-400-normal-DxZsaF_h.woff2 ... 
2026-04-28 23:55:45 +0000  7840 bytes for ./Payload/sTalk.app/EmbeddedElementCall_EmbeddedElementCall.bundle/dist/assets/inter-greek-400-normal-DxZsaF_h.woff2
2026-04-28 23:55:45 +0000  copying file ./Payload/sTalk.app/EmbeddedElementCall_EmbeddedElementCall.bundle/dist/assets/dog-CxIWtkNX.ogg ... 
2026-04-28 23:55:45 +0000  7104 bytes for ./Payload/sTalk.app/EmbeddedElementCall_EmbeddedElementCall.bundle/dist/assets/dog-CxIWtkNX.ogg
2026-04-28 23:55:45 +0000  copying file ./Payload/sTalk.app/EmbeddedElementCall_EmbeddedElementCall.bundle/dist/assets/party-D7rIOhAQ.ogg ... 
2026-04-28 23:55:45 +0000  14672 bytes for ./Payload/sTalk.app/EmbeddedElementCall_EmbeddedElementCall.bundle/dist/assets/party-D7rIOhAQ.ogg
2026-04-28 23:55:45 +0000  copying file ./Payload/sTalk.app/EmbeddedElementCall_EmbeddedElementCall.bundle/dist/assets/inconsolata-latin-ext-700-normal-Dlt-daqV.woff ... 
2026-04-28 23:55:45 +0000  17564 bytes for ./Payload/sTalk.app/EmbeddedElementCall_EmbeddedElementCall.bundle/dist/assets/inconsolata-latin-ext-700-normal-Dlt-daqV.woff
2026-04-28 23:55:45 +0000  copying file ./Payload/sTalk.app/EmbeddedElementCall_EmbeddedElementCall.bundle/dist/assets/index-BAfhaCa-.js ... 
2026-04-28 23:55:45 +0000  2729281 bytes for ./Payload/sTalk.app/EmbeddedElementCall_EmbeddedElementCall.bundle/dist/assets/index-BAfhaCa-.js
2026-04-28 23:55:45 +0000  copying file ./Payload/sTalk.app/EmbeddedElementCall_EmbeddedElementCall.bundle/dist/assets/inter-latin-500-normal-BL9OpVg8.woff ... 
2026-04-28 23:55:45 +0000  31284 bytes for ./Payload/sTalk.app/EmbeddedElementCall_EmbeddedElementCall.bundle/dist/assets/inter-latin-500-normal-BL9OpVg8.woff
2026-04-28 23:55:45 +0000  copying file ./Payload/sTalk.app/EmbeddedElementCall_EmbeddedElementCall.bundle/dist/assets/inter-cyrillic-ext-600-normal-t7rHAwBu.woff ... 
2026-04-28 23:55:45 +0000  13460 bytes for ./Payload/sTalk.app/EmbeddedElementCall_EmbeddedElementCall.bundle/dist/assets/inter-cyrillic-ext-600-normal-t7rHAwBu.woff
2026-04-28 23:55:45 +0000  copying file ./Payload/sTalk.app/EmbeddedElementCall_EmbeddedElementCall.bundle/dist/assets/wave-Bzf1LSMH.mp3 ... 
2026-04-28 23:55:45 +0000  23656 bytes for ./Payload/sTalk.app/EmbeddedElementCall_EmbeddedElementCall.bundle/dist/assets/wave-Bzf1LSMH.mp3
2026-04-28 23:55:45 +0000  copying file ./Payload/sTalk.app/EmbeddedElementCall_EmbeddedElementCall.bundle/dist/assets/generic-BBbS3Wph.ogg ... 
2026-04-28 23:55:45 +0000  20317 bytes for ./Payload/sTalk.app/EmbeddedElementCall_EmbeddedElementCall.bundle/dist/assets/generic-BBbS3Wph.ogg
2026-04-28 23:55:45 +0000  copying file ./Payload/sTalk.app/EmbeddedElementCall_EmbeddedElementCall.bundle/dist/assets/inconsolata-latin-400-normal-DTZQ6lD6.woff2 ... 
2026-04-28 23:55:45 +0000  17664 bytes for ./Payload/sTalk.app/EmbeddedElementCall_EmbeddedElementCall.bundle/dist/assets/inconsolata-latin-400-normal-DTZQ6lD6.woff2
2026-04-28 23:55:45 +0000  copying file ./Payload/sTalk.app/EmbeddedElementCall_EmbeddedElementCall.bundle/dist/assets/inconsolata-latin-700-normal-DzgUY3Rl.woff ... 
2026-04-28 23:55:45 +0000  16624 bytes for ./Payload/sTalk.app/EmbeddedElementCall_EmbeddedElementCall.bundle/dist/assets/inconsolata-latin-700-normal-DzgUY3Rl.woff
2026-04-28 23:55:45 +0000  copying file ./Payload/sTalk.app/EmbeddedElementCall_EmbeddedElementCall.bundle/dist/assets/inter-greek-500-normal-CeQXL5ds.woff2 ... 
2026-04-28 23:55:45 +0000  7904 bytes for ./Payload/sTalk.app/EmbeddedElementCall_EmbeddedElementCall.bundle/dist/assets/inter-greek-500-normal-CeQXL5ds.woff2
2026-04-28 23:55:45 +0000  copying file ./Payload/sTalk.app/EmbeddedElementCall_EmbeddedElementCall.bundle/dist/assets/screen_share_started-IZDL-kAw.ogg ... 
2026-04-28 23:55:45 +0000  16737 bytes for ./Payload/sTalk.app/EmbeddedElementCall_EmbeddedElementCall.bundle/dist/assets/screen_share_started-IZDL-kAw.ogg
2026-04-28 23:55:45 +0000  copying file ./Payload/sTalk.app/EmbeddedElementCall_EmbeddedElementCall.bundle/dist/assets/inter-vietnamese-500-normal-mJboJaSs.woff ... 
2026-04-28 23:55:45 +0000  6596 bytes for ./Payload/sTalk.app/EmbeddedElementCall_EmbeddedElementCall.bundle/dist/assets/inter-vietnamese-500-normal-mJboJaSs.woff
2026-04-28 23:55:45 +0000  copying file ./Payload/sTalk.app/EmbeddedElementCall_EmbeddedElementCall.bundle/dist/assets/polyfill-force-C-cqkbSt.js.map ... 
2026-04-28 23:55:45 +0000  350542 bytes for ./Payload/sTalk.app/EmbeddedElementCall_EmbeddedElementCall.bundle/dist/assets/polyfill-force-C-cqkbSt.js.map
2026-04-28 23:55:45 +0000  copying file ./Payload/sTalk.app/EmbeddedElementCall_EmbeddedElementCall.bundle/dist/assets/matrix-sdk-crypto-wasm-DMhr4gdY.js.map ... 
2026-04-28 23:55:45 +0000  561378 bytes for ./Payload/sTalk.app/EmbeddedElementCall_EmbeddedElementCall.bundle/dist/assets/matrix-sdk-crypto-wasm-DMhr4gdY.js.map
2026-04-28 23:55:45 +0000  copying file ./Payload/sTalk.app/EmbeddedElementCall_EmbeddedElementCall.bundle/dist/assets/raise_hand-CUbxEnt9.ogg ... 
2026-04-28 23:55:45 +0000  6497 bytes for ./Payload/sTalk.app/EmbeddedElementCall_EmbeddedElementCall.bundle/dist/assets/raise_hand-CUbxEnt9.ogg
2026-04-28 23:55:45 +0000  copying file ./Payload/sTalk.app/EmbeddedElementCall_EmbeddedElementCall.bundle/dist/assets/inter-cyrillic-ext-700-normal-Cg0zx2i8.woff ... 
2026-04-28 23:55:45 +0000  13440 bytes for ./Payload/sTalk.app/EmbeddedElementCall_EmbeddedElementCall.bundle/dist/assets/inter-cyrillic-ext-700-normal-Cg0zx2i8.woff
2026-04-28 23:55:45 +0000  copying file ./Payload/sTalk.app/EmbeddedElementCall_EmbeddedElementCall.bundle/dist/assets/inter-greek-ext-700-normal-SzCdnevJ.woff2 ... 
2026-04-28 23:55:45 +0000  5420 bytes for ./Payload/sTalk.app/EmbeddedElementCall_EmbeddedElementCall.bundle/dist/assets/inter-greek-ext-700-normal-SzCdnevJ.woff2
2026-04-28 23:55:45 +0000  copying file ./Payload/sTalk.app/EmbeddedElementCall_EmbeddedElementCall.bundle/dist/assets/lightbulb-BIeJtAR_.ogg ... 
2026-04-28 23:55:45 +0000  9950 bytes for ./Payload/sTalk.app/EmbeddedElementCall_EmbeddedElementCall.bundle/dist/assets/lightbulb-BIeJtAR_.ogg
2026-04-28 23:55:45 +0000  copying file ./Payload/sTalk.app/EmbeddedElementCall_EmbeddedElementCall.bundle/dist/assets/generic-BFeSb6fL.mp3 ... 
2026-04-28 23:55:45 +0000  56842 bytes for ./Payload/sTalk.app/EmbeddedElementCall_EmbeddedElementCall.bundle/dist/assets/generic-BFeSb6fL.mp3
2026-04-28 23:55:45 +0000  copying file ./Payload/sTalk.app/EmbeddedElementCall_EmbeddedElementCall.bundle/dist/assets/inconsolata-latin-ext-700-normal-D0Kpgs_9.woff2 ... 
2026-04-28 23:55:45 +0000  18452 bytes for ./Payload/sTalk.app/EmbeddedElementCall_EmbeddedElementCall.bundle/dist/assets/inconsolata-latin-ext-700-normal-D0Kpgs_9.woff2
2026-04-28 23:55:45 +0000  copying file ./Payload/sTalk.app/EmbeddedElementCall_EmbeddedElementCall.bundle/dist/assets/inter-vietnamese-600-normal-BuLX-rYi.woff ... 
2026-04-28 23:55:45 +0000  6640 bytes for ./Payload/sTalk.app/EmbeddedElementCall_EmbeddedElementCall.bundle/dist/assets/inter-vietnamese-600-normal-BuLX-rYi.woff
2026-04-28 23:55:45 +0000  copying file ./Payload/sTalk.app/EmbeddedElementCall_EmbeddedElementCall.bundle/dist/assets/inter-latin-ext-500-normal-CV4jyFjo.woff2 ... 
2026-04-28 23:55:45 +0000  36024 bytes for ./Payload/sTalk.app/EmbeddedElementCall_EmbeddedElementCall.bundle/dist/assets/inter-latin-ext-500-normal-CV4jyFjo.woff2
2026-04-28 23:55:45 +0000  copying file ./Payload/sTalk.app/EmbeddedElementCall_EmbeddedElementCall.bundle/dist/assets/inter-latin-ext-700-normal-CfWAu3Qq.woff2 ... 
2026-04-28 23:55:45 +0000  36240 bytes for ./Payload/sTalk.app/EmbeddedElementCall_EmbeddedElementCall.bundle/dist/assets/inter-latin-ext-700-normal-CfWAu3Qq.woff2
2026-04-28 23:55:45 +0000  copying file ./Payload/sTalk.app/EmbeddedElementCall_EmbeddedElementCall.bundle/dist/assets/clap-Dxm5qGyl.mp3 ... 
2026-04-28 23:55:45 +0000  137280 bytes for ./Payload/sTalk.app/EmbeddedElementCall_EmbeddedElementCall.bundle/dist/assets/clap-Dxm5qGyl.mp3
2026-04-28 23:55:45 +0000  copying file ./Payload/sTalk.app/EmbeddedElementCall_EmbeddedElementCall.bundle/dist/assets/es-app-Q3c7lmEj.json ... 
2026-04-28 23:55:45 +0000  4109 bytes for ./Payload/sTalk.app/EmbeddedElementCall_EmbeddedElementCall.bundle/dist/assets/es-app-Q3c7lmEj.json
2026-04-28 23:55:45 +0000  copying file ./Payload/sTalk.app/EmbeddedElementCall_EmbeddedElementCall.bundle/dist/assets/join_call-dEJCP2wD.mp3 ... 
2026-04-28 23:55:45 +0000  11605 bytes for ./Payload/sTalk.app/EmbeddedElementCall_EmbeddedElementCall.bundle/dist/assets/join_call-dEJCP2wD.mp3
2026-04-28 23:55:45 +0000  copying file ./Payload/sTalk.app/EmbeddedElementCall_EmbeddedElementCall.bundle/dist/assets/deer-DPSlVch4.ogg ... 
2026-04-28 23:55:45 +0000  17254 bytes for ./Payload/sTalk.app/EmbeddedElementCall_EmbeddedElementCall.bundle/dist/assets/deer-DPSlVch4.ogg
2026-04-28 23:55:45 +0000  copying file ./Payload/sTalk.app/EmbeddedElementCall_EmbeddedElementCall.bundle/dist/assets/inter-cyrillic-ext-600-normal-CaqZN2hq.woff2 ... 
2026-04-28 23:55:45 +0000  10456 bytes for ./Payload/sTalk.app/EmbeddedElementCall_EmbeddedElementCall.bundle/dist/assets/inter-cyrillic-ext-600-normal-CaqZN2hq.woff2
2026-04-28 23:55:45 +0000  copying file ./Payload/sTalk.app/EmbeddedElementCall_EmbeddedElementCall.bundle/dist/assets/et-app-DLvuR7m2.json ... 
2026-04-28 23:55:45 +0000  12252 bytes for ./Payload/sTalk.app/EmbeddedElementCall_EmbeddedElementCall.bundle/dist/assets/et-app-DLvuR7m2.json
2026-04-28 23:55:45 +0000  copying file ./Payload/sTalk.app/EmbeddedElementCall_EmbeddedElementCall.bundle/dist/assets/join_call-DlMV9nHk.ogg ... 
2026-04-28 23:55:45 +0000  10939 bytes for ./Payload/sTalk.app/EmbeddedElementCall_EmbeddedElementCall.bundle/dist/assets/join_call-DlMV9nHk.ogg
2026-04-28 23:55:45 +0000  copying file ./Payload/sTalk.app/EmbeddedElementCall_EmbeddedElementCall.bundle/dist/assets/inter-vietnamese-400-normal-DMkecbls.woff2 ... 
2026-04-28 23:55:45 +0000  4972 bytes for ./Payload/sTalk.app/EmbeddedElementCall_EmbeddedElementCall.bundle/dist/assets/inter-vietnamese-400-normal-DMkecbls.woff2
2026-04-28 23:55:45 +0000  copying file ./Payload/sTalk.app/EmbeddedElementCall_EmbeddedElementCall.bundle/dist/assets/crickets-DUJdcuUa.ogg ... 
2026-04-28 23:55:45 +0000  30497 bytes for ./Payload/sTalk.app/EmbeddedElementCall_EmbeddedElementCall.bundle/dist/assets/crickets-DUJdcuUa.ogg
2026-04-28 23:55:45 +0000  copying file ./Payload/sTalk.app/EmbeddedElementCall_EmbeddedElementCall.bundle/dist/assets/inter-greek-ext-500-normal-1SJLBQ3N.woff ... 
2026-04-28 23:55:45 +0000  7192 bytes for ./Payload/sTalk.app/EmbeddedElementCall_EmbeddedElementCall.bundle/dist/assets/inter-greek-ext-500-normal-1SJLBQ3N.woff
2026-04-28 23:55:45 +0000  copying file ./Payload/sTalk.app/EmbeddedElementCall_EmbeddedElementCall.bundle/dist/assets/raise_hand-Bzqn65WB.mp3 ... 
2026-04-28 23:55:45 +0000  12960 bytes for ./Payload/sTalk.app/EmbeddedElementCall_EmbeddedElementCall.bundle/dist/assets/raise_hand-Bzqn65WB.mp3
2026-04-28 23:55:45 +0000  copying file ./Payload/sTalk.app/EmbeddedElementCall_EmbeddedElementCall.bundle/dist/assets/inter-cyrillic-600-normal-BGBWG807.woff2 ... 
2026-04-28 23:55:45 +0000  7972 bytes for ./Payload/sTalk.app/EmbeddedElementCall_EmbeddedElementCall.bundle/dist/assets/inter-cyrillic-600-normal-BGBWG807.woff2
2026-04-28 23:55:45 +0000  copying file ./Payload/sTalk.app/EmbeddedElementCall_EmbeddedElementCall.bundle/dist/assets/party-BZPeTgC3.mp3 ... 
2026-04-28 23:55:45 +0000  40800 bytes for ./Payload/sTalk.app/EmbeddedElementCall_EmbeddedElementCall.bundle/dist/assets/party-BZPeTgC3.mp3
2026-04-28 23:55:45 +0000  copying file ./Payload/sTalk.app/EmbeddedElementCall_EmbeddedElementCall.bundle/dist/assets/index-DG_IYqWk.js ... 
2026-04-28 23:55:45 +0000  90022 bytes for ./Payload/sTalk.app/EmbeddedElementCall_EmbeddedElementCall.bundle/dist/assets/index-DG_IYqWk.js
2026-04-28 23:55:45 +0000  copying file ./Payload/sTalk.app/EmbeddedElementCall_EmbeddedElementCall.bundle/dist/assets/ringtone-B2csBdU4.mp3 ... 
2026-04-28 23:55:45 +0000  7593 bytes for ./Payload/sTalk.app/EmbeddedElementCall_EmbeddedElementCall.bundle/dist/assets/ringtone-B2csBdU4.mp3
2026-04-28 23:55:45 +0000  copying file ./Payload/sTalk.app/EmbeddedElementCall_EmbeddedElementCall.bundle/dist/assets/inter-greek-ext-700-normal-D0KHSs-V.woff ... 
2026-04-28 23:55:45 +0000  7212 bytes for ./Payload/sTalk.app/EmbeddedElementCall_EmbeddedElementCall.bundle/dist/assets/inter-greek-ext-700-normal-D0KHSs-V.woff
2026-04-28 23:55:45 +0000  copying file ./Payload/sTalk.app/EmbeddedElementCall_EmbeddedElementCall.bundle/dist/assets/inter-greek-ext-500-normal-B6guLgqG.woff2 ... 
2026-04-28 23:55:45 +0000  5404 bytes for ./Payload/sTalk.app/EmbeddedElementCall_EmbeddedElementCall.bundle/dist/assets/inter-greek-ext-500-normal-B6guLgqG.woff2
2026-04-28 23:55:45 +0000  copying file ./Payload/sTalk.app/EmbeddedElementCall_EmbeddedElementCall.bundle/dist/assets/sv-app-DHLBEOTp.json ... 
2026-04-28 23:55:45 +0000  11945 bytes for ./Payload/sTalk.app/EmbeddedElementCall_EmbeddedElementCall.bundle/dist/assets/sv-app-DHLBEOTp.json
2026-04-28 23:55:45 +0000  copying file ./Payload/sTalk.app/EmbeddedElementCall_EmbeddedElementCall.bundle/dist/assets/inter-latin-ext-400-normal-77YHD8bZ.woff ... 
2026-04-28 23:55:45 +0000  47560 bytes for ./Payload/sTalk.app/EmbeddedElementCall_EmbeddedElementCall.bundle/dist/assets/inter-latin-ext-400-normal-77YHD8bZ.woff
2026-04-28 23:55:45 +0000  copying file ./Payload/sTalk.app/EmbeddedElementCall_EmbeddedElementCall.bundle/dist/assets/inter-cyrillic-ext-400-normal-BE2fNs0E.woff ... 
2026-04-28 23:55:45 +0000  13336 bytes for ./Payload/sTalk.app/EmbeddedElementCall_EmbeddedElementCall.bundle/dist/assets/inter-cyrillic-ext-400-normal-BE2fNs0E.woff
2026-04-28 23:55:45 +0000  copying file ./Payload/sTalk.app/EmbeddedElementCall_EmbeddedElementCall.bundle/dist/assets/crickets-CcwrRdbq.mp3 ... 
2026-04-28 23:55:45 +0000  129566 bytes for ./Payload/sTalk.app/EmbeddedElementCall_EmbeddedElementCall.bundle/dist/assets/crickets-CcwrRdbq.mp3
2026-04-28 23:55:45 +0000  copying file ./Payload/sTalk.app/EmbeddedElementCall_EmbeddedElementCall.bundle/dist/assets/index-DFVSEvlE.css ... 
2026-04-28 23:55:45 +0000  274958 bytes for ./Payload/sTalk.app/EmbeddedElementCall_EmbeddedElementCall.bundle/dist/assets/index-DFVSEvlE.css
2026-04-28 23:55:45 +0000  copying file ./Payload/sTalk.app/EmbeddedElementCall_EmbeddedElementCall.bundle/dist/assets/da-app-BBz-lePm.json ... 
2026-04-28 23:55:45 +0000  12001 bytes for ./Payload/sTalk.app/EmbeddedElementCall_EmbeddedElementCall.bundle/dist/assets/da-app-BBz-lePm.json
2026-04-28 23:55:45 +0000  copying file ./Payload/sTalk.app/EmbeddedElementCall_EmbeddedElementCall.bundle/dist/assets/it-app-Cik25Qgd.json ... 
2026-04-28 23:55:45 +0000  10414 bytes for ./Payload/sTalk.app/EmbeddedElementCall_EmbeddedElementCall.bundle/dist/assets/it-app-Cik25Qgd.json
2026-04-28 23:55:45 +0000  copying file ./Payload/sTalk.app/EmbeddedElementCall_EmbeddedElementCall.bundle/dist/assets/inter-latin-ext-600-normal-CIVaiw4L.woff ... 
2026-04-28 23:55:45 +0000  48668 bytes for ./Payload/sTalk.app/EmbeddedElementCall_EmbeddedElementCall.bundle/dist/assets/inter-latin-ext-600-normal-CIVaiw4L.woff
2026-04-28 23:55:45 +0000  copying file ./Payload/sTalk.app/EmbeddedElementCall_EmbeddedElementCall.bundle/dist/assets/inter-greek-600-normal-BVGIV3oK.woff ... 
2026-04-28 23:55:45 +0000  10032 bytes for ./Payload/sTalk.app/EmbeddedElementCall_EmbeddedElementCall.bundle/dist/assets/inter-greek-600-normal-BVGIV3oK.woff
2026-04-28 23:55:45 +0000  copying file ./Payload/sTalk.app/EmbeddedElementCall_EmbeddedElementCall.bundle/dist/assets/inter-greek-400-normal-C3I71FoW.woff ... 
2026-04-28 23:55:45 +0000  9924 bytes for ./Payload/sTalk.app/EmbeddedElementCall_EmbeddedElementCall.bundle/dist/assets/inter-greek-400-normal-C3I71FoW.woff
2026-04-28 23:55:45 +0000  copying file ./Payload/sTalk.app/EmbeddedElementCall_EmbeddedElementCall.bundle/dist/assets/inconsolata-vietnamese-700-normal-DuasYmn8.woff2 ... 
2026-04-28 23:55:45 +0000  8476 bytes for ./Payload/sTalk.app/EmbeddedElementCall_EmbeddedElementCall.bundle/dist/assets/inconsolata-vietnamese-700-normal-DuasYmn8.woff2
2026-04-28 23:55:45 +0000  copying file ./Payload/sTalk.app/EmbeddedElementCall_EmbeddedElementCall.bundle/dist/assets/fi-app-tnO3DMdi.json ... 
2026-04-28 23:55:45 +0000  11360 bytes for ./Payload/sTalk.app/EmbeddedElementCall_EmbeddedElementCall.bundle/dist/assets/fi-app-tnO3DMdi.json
2026-04-28 23:55:45 +0000  copying file ./Payload/sTalk.app/EmbeddedElementCall_EmbeddedElementCall.bundle/dist/assets/call_declined-1jWRbd4p.mp3 ... 
2026-04-28 23:55:45 +0000  8601 bytes for ./Payload/sTalk.app/EmbeddedElementCall_EmbeddedElementCall.bundle/dist/assets/call_declined-1jWRbd4p.mp3
2026-04-28 23:55:45 +0000  copying file ./Payload/sTalk.app/EmbeddedElementCall_EmbeddedElementCall.bundle/dist/assets/inter-latin-ext-700-normal-Z3s-4e5M.woff ... 
2026-04-28 23:55:45 +0000  48628 bytes for ./Payload/sTalk.app/EmbeddedElementCall_EmbeddedElementCall.bundle/dist/assets/inter-latin-ext-700-normal-Z3s-4e5M.woff
2026-04-28 23:55:45 +0000  copying file ./Payload/sTalk.app/EmbeddedElementCall_EmbeddedElementCall.bundle/dist/assets/spa-3dms9gnk.js.map ... 
2026-04-28 23:55:45 +0000  2918 bytes for ./Payload/sTalk.app/EmbeddedElementCall_EmbeddedElementCall.bundle/dist/assets/spa-3dms9gnk.js.map
2026-04-28 23:55:45 +0000  copying file ./Payload/sTalk.app/EmbeddedElementCall_EmbeddedElementCall.bundle/dist/assets/inter-greek-500-normal-CSBZZ4CI.woff ... 
2026-04-28 23:55:45 +0000  9980 bytes for ./Payload/sTalk.app/EmbeddedElementCall_EmbeddedElementCall.bundle/dist/assets/inter-greek-500-normal-CSBZZ4CI.woff
2026-04-28 23:55:45 +0000  copying file ./Payload/sTalk.app/EmbeddedElementCall_EmbeddedElementCall.bundle/dist/assets/polyfill-force-C5_YvYDd.js ... 
2026-04-28 23:55:45 +0000  29572 bytes for ./Payload/sTalk.app/EmbeddedElementCall_EmbeddedElementCall.bundle/dist/assets/polyfill-force-C5_YvYDd.js
2026-04-28 23:55:45 +0000  copying file ./Payload/sTalk.app/EmbeddedElementCall_EmbeddedElementCall.bundle/dist/assets/inter-vietnamese-700-normal-DL6eWghQ.woff ... 
2026-04-28 23:55:45 +0000  6632 bytes for ./Payload/sTalk.app/EmbeddedElementCall_EmbeddedElementCall.bundle/dist/assets/inter-vietnamese-700-normal-DL6eWghQ.woff
2026-04-28 23:55:45 +0000  copying file ./Payload/sTalk.app/EmbeddedElementCall_EmbeddedElementCall.bundle/dist/assets/clap-AxCMZLTd.ogg ... 
2026-04-28 23:55:45 +0000  51642 bytes for ./Payload/sTalk.app/EmbeddedElementCall_EmbeddedElementCall.bundle/dist/assets/clap-AxCMZLTd.ogg
2026-04-28 23:55:45 +0000  copying file ./Payload/sTalk.app/EmbeddedElementCall_EmbeddedElementCall.bundle/dist/assets/inconsolata-latin-400-normal-HYADljCo.woff ... 
2026-04-28 23:55:45 +0000  16284 bytes for ./Payload/sTalk.app/EmbeddedElementCall_EmbeddedElementCall.bundle/dist/assets/inconsolata-latin-400-normal-HYADljCo.woff
2026-04-28 23:55:45 +0000  copying file ./Payload/sTalk.app/EmbeddedElementCall_EmbeddedElementCall.bundle/dist/assets/inter-cyrillic-500-normal-BoeW9iIj.woff ... 
2026-04-28 23:55:45 +0000  9940 bytes for ./Payload/sTalk.app/EmbeddedElementCall_EmbeddedElementCall.bundle/dist/assets/inter-cyrillic-500-normal-BoeW9iIj.woff
2026-04-28 23:55:45 +0000  copying file ./Payload/sTalk.app/EmbeddedElementCall_EmbeddedElementCall.bundle/dist/assets/index-BHYrFcE-.js.map ... 
2026-04-28 23:55:45 +0000  525944 bytes for ./Payload/sTalk.app/EmbeddedElementCall_EmbeddedElementCall.bundle/dist/assets/index-BHYrFcE-.js.map
2026-04-28 23:55:45 +0000  copying file ./Payload/sTalk.app/EmbeddedElementCall_EmbeddedElementCall.bundle/dist/assets/inconsolata-latin-700-normal-ByjKuJjN.woff2 ... 
2026-04-28 23:55:45 +0000  17960 bytes for ./Payload/sTalk.app/EmbeddedElementCall_EmbeddedElementCall.bundle/dist/assets/inconsolata-latin-700-normal-ByjKuJjN.woff2
2026-04-28 23:55:45 +0000  copying file ./Payload/sTalk.app/EmbeddedElementCall_EmbeddedElementCall.bundle/dist/assets/deer-91r1Gyrx.mp3 ... 
2026-04-28 23:55:45 +0000  18284 bytes for ./Payload/sTalk.app/EmbeddedElementCall_EmbeddedElementCall.bundle/dist/assets/deer-91r1Gyrx.mp3
2026-04-28 23:55:45 +0000  copying file ./Payload/sTalk.app/EmbeddedElementCall_EmbeddedElementCall.bundle/dist/assets/livekit-client.e2ee.worker-DjoLe7BK.js.map ... 
2026-04-28 23:55:45 +0000  143969 bytes for ./Payload/sTalk.app/EmbeddedElementCall_EmbeddedElementCall.bundle/dist/assets/livekit-client.e2ee.worker-DjoLe7BK.js.map
2026-04-28 23:55:45 +0000  copying file ./Payload/sTalk.app/EmbeddedElementCall_EmbeddedElementCall.bundle/dist/assets/inter-cyrillic-600-normal-vZ-N8GHY.woff ... 
2026-04-28 23:55:45 +0000  9936 bytes for ./Payload/sTalk.app/EmbeddedElementCall_EmbeddedElementCall.bundle/dist/assets/inter-cyrillic-600-normal-vZ-N8GHY.woff
2026-04-28 23:55:45 +0000  copying file ./Payload/sTalk.app/EmbeddedElementCall_EmbeddedElementCall.bundle/dist/assets/index-BHYrFcE-.js ... 
2026-04-28 23:55:45 +0000  101632 bytes for ./Payload/sTalk.app/EmbeddedElementCall_EmbeddedElementCall.bundle/dist/assets/index-BHYrFcE-.js
2026-04-28 23:55:45 +0000  copying file ./Payload/sTalk.app/EmbeddedElementCall_EmbeddedElementCall.bundle/dist/assets/inter-greek-700-normal-Cxpycf-U.woff2 ... 
2026-04-28 23:55:45 +0000  7932 bytes for ./Payload/sTalk.app/EmbeddedElementCall_EmbeddedElementCall.bundle/dist/assets/inter-greek-700-normal-Cxpycf-U.woff2
2026-04-28 23:55:45 +0000  copying file ./Payload/sTalk.app/EmbeddedElementCall_EmbeddedElementCall.bundle/dist/assets/lv-app-D-ZV3Ytk.json ... 
2026-04-28 23:55:45 +0000  11367 bytes for ./Payload/sTalk.app/EmbeddedElementCall_EmbeddedElementCall.bundle/dist/assets/lv-app-D-ZV3Ytk.json
2026-04-28 23:55:45 +0000  copying file ./Payload/sTalk.app/EmbeddedElementCall_EmbeddedElementCall.bundle/dist/assets/inter-greek-600-normal-Dhlb-90d.woff2 ... 
2026-04-28 23:55:45 +0000  7956 bytes for ./Payload/sTalk.app/EmbeddedElementCall_EmbeddedElementCall.bundle/dist/assets/inter-greek-600-normal-Dhlb-90d.woff2
2026-04-28 23:55:45 +0000  copying file ./Payload/sTalk.app/EmbeddedElementCall_EmbeddedElementCall.bundle/dist/assets/cat-Dd8bv_2W.mp3 ... 
2026-04-28 23:55:45 +0000  23040 bytes for ./Payload/sTalk.app/EmbeddedElementCall_EmbeddedElementCall.bundle/dist/assets/cat-Dd8bv_2W.mp3
2026-04-28 23:55:45 +0000  copying file ./Payload/sTalk.app/EmbeddedElementCall_EmbeddedElementCall.bundle/dist/assets/inter-latin-ext-600-normal-D2bJ5OIk.woff2 ... 
2026-04-28 23:55:45 +0000  36260 bytes for ./Payload/sTalk.app/EmbeddedElementCall_EmbeddedElementCall.bundle/dist/assets/inter-latin-ext-600-normal-D2bJ5OIk.woff2
2026-04-28 23:55:45 +0000  copying file ./Payload/sTalk.app/EmbeddedElementCall_EmbeddedElementCall.bundle/dist/assets/inter-latin-ext-500-normal-BxGbmqWO.woff ... 
2026-04-28 23:55:45 +0000  48492 bytes for ./Payload/sTalk.app/EmbeddedElementCall_EmbeddedElementCall.bundle/dist/assets/inter-latin-ext-500-normal-BxGbmqWO.woff
2026-04-28 23:55:45 +0000  copying file ./Payload/sTalk.app/EmbeddedElementCall_EmbeddedElementCall.bundle/dist/assets/index-DG_IYqWk.js.map ... 
2026-04-28 23:55:45 +0000  402713 bytes for ./Payload/sTalk.app/EmbeddedElementCall_EmbeddedElementCall.bundle/dist/assets/index-DG_IYqWk.js.map
2026-04-28 23:55:45 +0000  copying file ./Payload/sTalk.app/EmbeddedElementCall_EmbeddedElementCall.bundle/dist/assets/call_timeout-DPKAj6sz.ogg ... 
2026-04-28 23:55:45 +0000  11231 bytes for ./Payload/sTalk.app/EmbeddedElementCall_EmbeddedElementCall.bundle/dist/assets/call_timeout-DPKAj6sz.ogg
2026-04-28 23:55:45 +0000  copying file ./Payload/sTalk.app/EmbeddedElementCall_EmbeddedElementCall.bundle/dist/assets/inter-vietnamese-400-normal-Bbgyi5SW.woff ... 
2026-04-28 23:55:45 +0000  6500 bytes for ./Payload/sTalk.app/EmbeddedElementCall_EmbeddedElementCall.bundle/dist/assets/inter-vietnamese-400-normal-Bbgyi5SW.woff
2026-04-28 23:55:45 +0000  copying file ./Payload/sTalk.app/EmbeddedElementCall_EmbeddedElementCall.bundle/dist/assets/polyfill-force-C5_YvYDd.js.map ... 
2026-04-28 23:55:45 +0000  137852 bytes for ./Payload/sTalk.app/EmbeddedElementCall_EmbeddedElementCall.bundle/dist/assets/polyfill-force-C5_YvYDd.js.map
2026-04-28 23:55:45 +0000  copying file ./Payload/sTalk.app/EmbeddedElementCall_EmbeddedElementCall.bundle/dist/assets/cat-4r_NkDcK.ogg ... 
2026-04-28 23:55:45 +0000  18482 bytes for ./Payload/sTalk.app/EmbeddedElementCall_EmbeddedElementCall.bundle/dist/assets/cat-4r_NkDcK.ogg
2026-04-28 23:55:45 +0000  copying file ./Payload/sTalk.app/EmbeddedElementCall_EmbeddedElementCall.bundle/dist/assets/ro-app-CdYgKCOW.json ... 
2026-04-28 23:55:45 +0000  11211 bytes for ./Payload/sTalk.app/EmbeddedElementCall_EmbeddedElementCall.bundle/dist/assets/ro-app-CdYgKCOW.json
2026-04-28 23:55:45 +0000  copying file ./Payload/sTalk.app/EmbeddedElementCall_EmbeddedElementCall.bundle/dist/assets/inter-cyrillic-ext-500-normal-NrhEyngK.woff ... 
2026-04-28 23:55:45 +0000  13444 bytes for ./Payload/sTalk.app/EmbeddedElementCall_EmbeddedElementCall.bundle/dist/assets/inter-cyrillic-ext-500-normal-NrhEyngK.woff
2026-04-28 23:55:45 +0000  copying file ./Payload/sTalk.app/EmbeddedElementCall_EmbeddedElementCall.bundle/dist/assets/en-app-I8blcx-e.json ... 
2026-04-28 23:55:45 +0000  11387 bytes for ./Payload/sTalk.app/EmbeddedElementCall_EmbeddedElementCall.bundle/dist/assets/en-app-I8blcx-e.json
2026-04-28 23:55:45 +0000  copying file ./Payload/sTalk.app/EmbeddedElementCall_EmbeddedElementCall.bundle/dist/assets/ja-app-Cp_00ujI.json ... 
2026-04-28 23:55:45 +0000  6077 bytes for ./Payload/sTalk.app/EmbeddedElementCall_EmbeddedElementCall.bundle/dist/assets/ja-app-Cp_00ujI.json
2026-04-28 23:55:45 +0000  copying file ./Payload/sTalk.app/EmbeddedElementCall_EmbeddedElementCall.bundle/dist/assets/uk-app-DZD01h76.json ... 
2026-04-28 23:55:45 +0000  15646 bytes for ./Payload/sTalk.app/EmbeddedElementCall_EmbeddedElementCall.bundle/dist/assets/uk-app-DZD01h76.json
2026-04-28 23:55:45 +0000  copying file ./Payload/sTalk.app/EmbeddedElementCall_EmbeddedElementCall.bundle/dist/assets/inter-cyrillic-ext-700-normal-ClVoMEGq.woff2 ... 
2026-04-28 23:55:45 +0000  10464 bytes for ./Payload/sTalk.app/EmbeddedElementCall_EmbeddedElementCall.bundle/dist/assets/inter-cyrillic-ext-700-normal-ClVoMEGq.woff2
2026-04-28 23:55:45 +0000  copying file ./Payload/sTalk.app/EmbeddedElementCall_EmbeddedElementCall.bundle/dist/assets/livekit-client.e2ee.worker-DjoLe7BK.js ... 
2026-04-28 23:55:45 +0000  35609 bytes for ./Payload/sTalk.app/EmbeddedElementCall_EmbeddedElementCall.bundle/dist/assets/livekit-client.e2ee.worker-DjoLe7BK.js
2026-04-28 23:55:45 +0000  copying file ./Payload/sTalk.app/EmbeddedElementCall_EmbeddedElementCall.bundle/dist/assets/inter-latin-700-normal-Drs_5D37.woff2 ... 
2026-04-28 23:55:45 +0000  24248 bytes for ./Payload/sTalk.app/EmbeddedElementCall_EmbeddedElementCall.bundle/dist/assets/inter-latin-700-normal-Drs_5D37.woff2
2026-04-28 23:55:45 +0000  copying file ./Payload/sTalk.app/EmbeddedElementCall_EmbeddedElementCall.bundle/dist/assets/inconsolata-latin-ext-400-normal-BaHVOdFB.woff2 ... 
2026-04-28 23:55:45 +0000  18232 bytes for ./Payload/sTalk.app/EmbeddedElementCall_EmbeddedElementCall.bundle/dist/assets/inconsolata-latin-ext-400-normal-BaHVOdFB.woff2
2026-04-28 23:55:45 +0000  copying file ./Payload/sTalk.app/EmbeddedElementCall_EmbeddedElementCall.bundle/dist/assets/inter-vietnamese-700-normal-CGpBpxLq.woff2 ... 
2026-04-28 23:55:45 +0000  5196 bytes for ./Payload/sTalk.app/EmbeddedElementCall_EmbeddedElementCall.bundle/dist/assets/inter-vietnamese-700-normal-CGpBpxLq.woff2
2026-04-28 23:55:45 +0000  copying file ./Payload/sTalk.app/EmbeddedElementCall_EmbeddedElementCall.bundle/dist/assets/rock-BVCJXNC-.ogg ... 
2026-04-28 23:55:45 +0000  33435 bytes for ./Payload/sTalk.app/EmbeddedElementCall_EmbeddedElementCall.bundle/dist/assets/rock-BVCJXNC-.ogg
2026-04-28 23:55:45 +0000  copying file ./Payload/sTalk.app/EmbeddedElementCall_EmbeddedElementCall.bundle/dist/assets/fr-app-BxTYbDfK.json ... 
2026-04-28 23:55:45 +0000  5229 bytes for ./Payload/sTalk.app/EmbeddedElementCall_EmbeddedElementCall.bundle/dist/assets/fr-app-BxTYbDfK.json
2026-04-28 23:55:45 +0000  copying file ./Payload/sTalk.app/EmbeddedElementCall_EmbeddedElementCall.bundle/dist/assets/inter-cyrillic-400-normal-alAqRL36.woff ... 
2026-04-28 23:55:45 +0000  9780 bytes for ./Payload/sTalk.app/EmbeddedElementCall_EmbeddedElementCall.bundle/dist/assets/inter-cyrillic-400-normal-alAqRL36.woff
2026-04-28 23:55:45 +0000  copying file ./Payload/sTalk.app/EmbeddedElementCall_EmbeddedElementCall.bundle/dist/assets/inter-cyrillic-ext-400-normal-Dc4VJyIJ.woff2 ... 
2026-04-28 23:55:45 +0000  10216 bytes for ./Payload/sTalk.app/EmbeddedElementCall_EmbeddedElementCall.bundle/dist/assets/inter-cyrillic-ext-400-normal-Dc4VJyIJ.woff2
2026-04-28 23:55:45 +0000  copying file ./Payload/sTalk.app/EmbeddedElementCall_EmbeddedElementCall.bundle/dist/assets/inconsolata-vietnamese-400-normal-ByiM2lek.woff ... 
2026-04-28 23:55:45 +0000  6092 bytes for ./Payload/sTalk.app/EmbeddedElementCall_EmbeddedElementCall.bundle/dist/assets/inconsolata-vietnamese-400-normal-ByiM2lek.woff
2026-04-28 23:55:45 +0000  copying file ./Payload/sTalk.app/EmbeddedElementCall_EmbeddedElementCall.bundle/dist/assets/inter-cyrillic-700-normal-bGtGjVdZ.woff2 ... 
2026-04-28 23:55:45 +0000  8004 bytes for ./Payload/sTalk.app/EmbeddedElementCall_EmbeddedElementCall.bundle/dist/assets/inter-cyrillic-700-normal-bGtGjVdZ.woff2
2026-04-28 23:55:45 +0000  copying file ./Payload/sTalk.app/EmbeddedElementCall_EmbeddedElementCall.bundle/dist/assets/IndexedDBWorker-DiQk_BNn.js ... 
2026-04-28 23:55:45 +0000  101305 bytes for ./Payload/sTalk.app/EmbeddedElementCall_EmbeddedElementCall.bundle/dist/assets/IndexedDBWorker-DiQk_BNn.js
2026-04-28 23:55:45 +0000  copying file ./Payload/sTalk.app/EmbeddedElementCall_EmbeddedElementCall.bundle/dist/assets/id-app-BEz8ptLJ.json ... 
2026-04-28 23:55:45 +0000  11310 bytes for ./Payload/sTalk.app/EmbeddedElementCall_EmbeddedElementCall.bundle/dist/assets/id-app-BEz8ptLJ.json
2026-04-28 23:55:45 +0000  copying file ./Payload/sTalk.app/EmbeddedElementCall_EmbeddedElementCall.bundle/dist/assets/inter-latin-600-normal-CiBQ2DWP.woff ... 
2026-04-28 23:55:45 +0000  31260 bytes for ./Payload/sTalk.app/EmbeddedElementCall_EmbeddedElementCall.bundle/dist/assets/inter-latin-600-normal-CiBQ2DWP.woff
2026-04-28 23:55:45 +0000  copying file ./Payload/sTalk.app/EmbeddedElementCall_EmbeddedElementCall.bundle/dist/assets/inter-latin-600-normal-LgqL8muc.woff2 ... 
2026-04-28 23:55:45 +0000  24452 bytes for ./Payload/sTalk.app/EmbeddedElementCall_EmbeddedElementCall.bundle/dist/assets/inter-latin-600-normal-LgqL8muc.woff2
2026-04-28 23:55:45 +0000  copying file ./Payload/sTalk.app/EmbeddedElementCall_EmbeddedElementCall.bundle/dist/assets/inter-cyrillic-ext-500-normal-BShVwWPj.woff2 ... 
2026-04-28 23:55:45 +0000  10436 bytes for ./Payload/sTalk.app/EmbeddedElementCall_EmbeddedElementCall.bundle/dist/assets/inter-cyrillic-ext-500-normal-BShVwWPj.woff2
2026-04-28 23:55:45 +0000  copying file ./Payload/sTalk.app/EmbeddedElementCall_EmbeddedElementCall.bundle/dist/assets/rock-CHdnB31m.mp3 ... 
2026-04-28 23:55:45 +0000  40946 bytes for ./Payload/sTalk.app/EmbeddedElementCall_EmbeddedElementCall.bundle/dist/assets/rock-CHdnB31m.mp3
2026-04-28 23:55:45 +0000  copying file ./Payload/sTalk.app/EmbeddedElementCall_EmbeddedElementCall.bundle/dist/assets/screen_share_started-DH3qxml5.mp3 ... 
2026-04-28 23:55:45 +0000  17323 bytes for ./Payload/sTalk.app/EmbeddedElementCall_EmbeddedElementCall.bundle/dist/assets/screen_share_started-DH3qxml5.mp3
2026-04-28 23:55:45 +0000  copying file ./Payload/sTalk.app/EmbeddedElementCall_EmbeddedElementCall.bundle/dist/assets/call_timeout-BCxXxRD8.mp3 ... 
2026-04-28 23:55:45 +0000  8025 bytes for ./Payload/sTalk.app/EmbeddedElementCall_EmbeddedElementCall.bundle/dist/assets/call_timeout-BCxXxRD8.mp3
2026-04-28 23:55:45 +0000  copying file ./Payload/sTalk.app/EmbeddedElementCall_EmbeddedElementCall.bundle/dist/assets/tr-app-Dk--6BpP.json ... 
2026-04-28 23:55:45 +0000  9771 bytes for ./Payload/sTalk.app/EmbeddedElementCall_EmbeddedElementCall.bundle/dist/assets/tr-app-Dk--6BpP.json
2026-04-28 23:55:45 +0000  copying file ./Payload/sTalk.app/EmbeddedElementCall_EmbeddedElementCall.bundle/dist/assets/inter-latin-700-normal-KTwiWvO9.woff ... 
2026-04-28 23:55:45 +0000  31304 bytes for ./Payload/sTalk.app/EmbeddedElementCall_EmbeddedElementCall.bundle/dist/assets/inter-latin-700-normal-KTwiWvO9.woff
2026-04-28 23:55:45 +0000  copying file ./Payload/sTalk.app/EmbeddedElementCall_EmbeddedElementCall.bundle/dist/assets/inter-greek-ext-400-normal-Bput3-QP.woff2 ... 
2026-04-28 23:55:45 +0000  5232 bytes for ./Payload/sTalk.app/EmbeddedElementCall_EmbeddedElementCall.bundle/dist/assets/inter-greek-ext-400-normal-Bput3-QP.woff2
2026-04-28 23:55:45 +0000  copying file ./Payload/sTalk.app/EmbeddedElementCall_EmbeddedElementCall.bundle/dist/assets/pako.esm-Bt8vjcgE.js ... 
2026-04-28 23:55:45 +0000  29121 bytes for ./Payload/sTalk.app/EmbeddedElementCall_EmbeddedElementCall.bundle/dist/assets/pako.esm-Bt8vjcgE.js
2026-04-28 23:55:45 +0000  copying file ./Payload/sTalk.app/EmbeddedElementCall_EmbeddedElementCall.bundle/dist/assets/pako.esm-Bt8vjcgE.js.map ... 
2026-04-28 23:55:45 +0000  283069 bytes for ./Payload/sTalk.app/EmbeddedElementCall_EmbeddedElementCall.bundle/dist/assets/pako.esm-Bt8vjcgE.js.map
2026-04-28 23:55:45 +0000  copying file ./Payload/sTalk.app/EmbeddedElementCall_EmbeddedElementCall.bundle/dist/assets/inter-greek-ext-600-normal-Cnui8OiR.woff2 ... 
2026-04-28 23:55:45 +0000  5432 bytes for ./Payload/sTalk.app/EmbeddedElementCall_EmbeddedElementCall.bundle/dist/assets/inter-greek-ext-600-normal-Cnui8OiR.woff2
2026-04-28 23:55:45 +0000  copying file ./Payload/sTalk.app/EmbeddedElementCall_EmbeddedElementCall.bundle/dist/assets/inter-greek-700-normal-DtGkhywV.woff ... 
2026-04-28 23:55:45 +0000  9976 bytes for ./Payload/sTalk.app/EmbeddedElementCall_EmbeddedElementCall.bundle/dist/assets/inter-greek-700-normal-DtGkhywV.woff
2026-04-28 23:55:45 +0000  copying file ./Payload/sTalk.app/EmbeddedElementCall_EmbeddedElementCall.bundle/dist/assets/inconsolata-vietnamese-700-normal-DLCFFAUf.woff ... 
2026-04-28 23:55:45 +0000  6304 bytes for ./Payload/sTalk.app/EmbeddedElementCall_EmbeddedElementCall.bundle/dist/assets/inconsolata-vietnamese-700-normal-DLCFFAUf.woff
2026-04-28 23:55:45 +0000  copying file ./Payload/sTalk.app/EmbeddedElementCall_EmbeddedElementCall.bundle/dist/assets/IndexedDBWorker-DiQk_BNn.js.map ... 
2026-04-28 23:55:45 +0000  166080 bytes for ./Payload/sTalk.app/EmbeddedElementCall_EmbeddedElementCall.bundle/dist/assets/IndexedDBWorker-DiQk_BNn.js.map
2026-04-28 23:55:45 +0000  copying file ./Payload/sTalk.app/EmbeddedElementCall_EmbeddedElementCall.bundle/dist/assets/lightbulb-BrnY00qi.mp3 ... 
2026-04-28 23:55:45 +0000  36096 bytes for ./Payload/sTalk.app/EmbeddedElementCall_EmbeddedElementCall.bundle/dist/assets/lightbulb-BrnY00qi.mp3
2026-04-28 23:55:45 +0000  copying file ./Payload/sTalk.app/EmbeddedElementCall_EmbeddedElementCall.bundle/dist/assets/ringtone-B-nJXbbw.ogg ... 
2026-04-28 23:55:45 +0000  11425 bytes for ./Payload/sTalk.app/EmbeddedElementCall_EmbeddedElementCall.bundle/dist/assets/ringtone-B-nJXbbw.ogg
2026-04-28 23:55:45 +0000  copying file ./Payload/sTalk.app/EmbeddedElementCall_EmbeddedElementCall.bundle/dist/assets/inter-latin-ext-400-normal-C1nco2VV.woff2 ... 
2026-04-28 23:55:45 +0000  35000 bytes for ./Payload/sTalk.app/EmbeddedElementCall_EmbeddedElementCall.bundle/dist/assets/inter-latin-ext-400-normal-C1nco2VV.woff2
2026-04-28 23:55:45 +0000  copying file ./Payload/sTalk.app/EmbeddedElementCall_EmbeddedElementCall.bundle/dist/assets/left_call-C7NMl6WI.ogg ... 
2026-04-28 23:55:45 +0000  10634 bytes for ./Payload/sTalk.app/EmbeddedElementCall_EmbeddedElementCall.bundle/dist/assets/left_call-C7NMl6WI.ogg
2026-04-28 23:55:45 +0000  copying file ./Payload/sTalk.app/EmbeddedElementCall_EmbeddedElementCall.bundle/dist/assets/inter-latin-400-normal-CyCys3Eg.woff ... 
2026-04-28 23:55:45 +0000  30696 bytes for ./Payload/sTalk.app/EmbeddedElementCall_EmbeddedElementCall.bundle/dist/assets/inter-latin-400-normal-CyCys3Eg.woff
2026-04-28 23:55:45 +0000  copying file ./Payload/sTalk.app/EmbeddedElementCall_EmbeddedElementCall.bundle/dist/assets/inconsolata-latin-ext-400-normal-yvPjCxxx.woff ... 
2026-04-28 23:55:45 +0000  17196 bytes for ./Payload/sTalk.app/EmbeddedElementCall_EmbeddedElementCall.bundle/dist/assets/inconsolata-latin-ext-400-normal-yvPjCxxx.woff
2026-04-28 23:55:45 +0000  copying file ./Payload/sTalk.app/EmbeddedElementCall_EmbeddedElementCall.bundle/dist/assets/zh-Hans-app-BY5jJGyr.json ... 
2026-04-28 23:55:45 +0000  5275 bytes for ./Payload/sTalk.app/EmbeddedElementCall_EmbeddedElementCall.bundle/dist/assets/zh-Hans-app-BY5jJGyr.json
2026-04-28 23:55:45 +0000  copying file ./Payload/sTalk.app/EmbeddedElementCall_EmbeddedElementCall.bundle/dist/assets/vision_wasm_internal-CEyeacG0.js ... 
2026-04-28 23:55:45 +0000  204284 bytes for ./Payload/sTalk.app/EmbeddedElementCall_EmbeddedElementCall.bundle/dist/assets/vision_wasm_internal-CEyeacG0.js
2026-04-28 23:55:45 +0000  copying file ./Payload/sTalk.app/EmbeddedElementCall_EmbeddedElementCall.bundle/dist/assets/inter-cyrillic-500-normal-D4Vwzodn.woff2 ... 
2026-04-28 23:55:45 +0000  7904 bytes for ./Payload/sTalk.app/EmbeddedElementCall_EmbeddedElementCall.bundle/dist/assets/inter-cyrillic-500-normal-D4Vwzodn.woff2
2026-04-28 23:55:45 +0000  copying file ./Payload/sTalk.app/EmbeddedElementCall_EmbeddedElementCall.bundle/dist/assets/inter-vietnamese-500-normal-DOriooB6.woff2 ... 
2026-04-28 23:55:45 +0000  5112 bytes for ./Payload/sTalk.app/EmbeddedElementCall_EmbeddedElementCall.bundle/dist/assets/inter-vietnamese-500-normal-DOriooB6.woff2
2026-04-28 23:55:45 +0000  copying file ./Payload/sTalk.app/EmbeddedElementCall_EmbeddedElementCall.bundle/dist/assets/inter-latin-400-normal-C38fXH4l.woff2 ... 
2026-04-28 23:55:45 +0000  23664 bytes for ./Payload/sTalk.app/EmbeddedElementCall_EmbeddedElementCall.bundle/dist/assets/inter-latin-400-normal-C38fXH4l.woff2
2026-04-28 23:55:45 +0000  copying file ./Payload/sTalk.app/EmbeddedElementCall_EmbeddedElementCall.bundle/dist/assets/inter-latin-500-normal-Cerq10X2.woff2 ... 
2026-04-28 23:55:45 +0000  24272 bytes for ./Payload/sTalk.app/EmbeddedElementCall_EmbeddedElementCall.bundle/dist/assets/inter-latin-500-normal-Cerq10X2.woff2
2026-04-28 23:55:45 +0000  copying file ./Payload/sTalk.app/EmbeddedElementCall_EmbeddedElementCall.bundle/dist/assets/baduntss-Ca1ZuBEK.ogg ... 
2026-04-28 23:55:45 +0000  77921 bytes for ./Payload/sTalk.app/EmbeddedElementCall_EmbeddedElementCall.bundle/dist/assets/baduntss-Ca1ZuBEK.ogg
2026-04-28 23:55:45 +0000  copying file ./Payload/sTalk.app/EmbeddedElementCall_EmbeddedElementCall.bundle/dist/assets/matrix_sdk_crypto_wasm_bg-dMeGppz-.wasm ... 
2026-04-28 23:55:45 +0000  5513879 bytes for ./Payload/sTalk.app/EmbeddedElementCall_EmbeddedElementCall.bundle/dist/assets/matrix_sdk_crypto_wasm_bg-dMeGppz-.wasm
2026-04-28 23:55:45 +0000  copying file ./Payload/sTalk.app/EmbeddedElementCall_EmbeddedElementCall.bundle/dist/assets/de-app-DjOuqT-j.json ... 
2026-04-28 23:55:45 +0000  12727 bytes for ./Payload/sTalk.app/EmbeddedElementCall_EmbeddedElementCall.bundle/dist/assets/de-app-DjOuqT-j.json
2026-04-28 23:55:45 +0000  copying file ./Payload/sTalk.app/EmbeddedElementCall_EmbeddedElementCall.bundle/dist/assets/inter-greek-ext-400-normal-XIH6-K3k.woff ... 
2026-04-28 23:55:45 +0000  7064 bytes for ./Payload/sTalk.app/EmbeddedElementCall_EmbeddedElementCall.bundle/dist/assets/inter-greek-ext-400-normal-XIH6-K3k.woff
2026-04-28 23:55:45 +0000  copying file ./Payload/sTalk.app/EmbeddedElementCall_EmbeddedElementCall.bundle/Info.plist ... 
2026-04-28 23:55:45 +0000  721 bytes for ./Payload/sTalk.app/EmbeddedElementCall_EmbeddedElementCall.bundle/Info.plist
2026-04-28 23:55:45 +0000  copying file ./Payload/sTalk.app/nb.lproj/Localizable.strings ... 
2026-04-28 23:55:45 +0000  155531 bytes for ./Payload/sTalk.app/nb.lproj/Localizable.strings
2026-04-28 23:55:45 +0000  copying file ./Payload/sTalk.app/nb.lproj/InfoPlist.strings ... 
2026-04-28 23:55:45 +0000  816 bytes for ./Payload/sTalk.app/nb.lproj/InfoPlist.strings
2026-04-28 23:55:45 +0000  copying file ./Payload/sTalk.app/nb.lproj/Localizable.stringsdict ... 
2026-04-28 23:55:45 +0000  3782 bytes for ./Payload/sTalk.app/nb.lproj/Localizable.stringsdict
2026-04-28 23:55:45 +0000  copying file ./Payload/sTalk.app/CompoundDesignTokens_CompoundDesignTokens.bundle/Assets.car ... 
2026-04-28 23:55:45 +0000  1209912 bytes for ./Payload/sTalk.app/CompoundDesignTokens_CompoundDesignTokens.bundle/Assets.car
2026-04-28 23:55:45 +0000  copying file ./Payload/sTalk.app/CompoundDesignTokens_CompoundDesignTokens.bundle/theme.iife.js ... 
2026-04-28 23:55:45 +0000  128928 bytes for ./Payload/sTalk.app/CompoundDesignTokens_CompoundDesignTokens.bundle/theme.iife.js
2026-04-28 23:55:45 +0000  copying file ./Payload/sTalk.app/CompoundDesignTokens_CompoundDesignTokens.bundle/Info.plist ... 
2026-04-28 23:55:45 +0000  728 bytes for ./Payload/sTalk.app/CompoundDesignTokens_CompoundDesignTokens.bundle/Info.plist
2026-04-28 23:55:45 +0000  copying file ./Payload/sTalk.app/es.lproj/SAS.strings ... 
2026-04-28 23:55:45 +0000  1401 bytes for ./Payload/sTalk.app/es.lproj/SAS.strings
2026-04-28 23:55:45 +0000  copying file ./Payload/sTalk.app/es.lproj/Localizable.strings ... 
2026-04-28 23:55:45 +0000  162015 bytes for ./Payload/sTalk.app/es.lproj/Localizable.strings
2026-04-28 23:55:45 +0000  copying file ./Payload/sTalk.app/es.lproj/InfoPlist.strings ... 
2026-04-28 23:55:45 +0000  970 bytes for ./Payload/sTalk.app/es.lproj/InfoPlist.strings
2026-04-28 23:55:45 +0000  copying file ./Payload/sTalk.app/es.lproj/Localizable.stringsdict ... 
2026-04-28 23:55:45 +0000  4351 bytes for ./Payload/sTalk.app/es.lproj/Localizable.stringsdict
2026-04-28 23:55:45 +0000  copying file ./Payload/sTalk.app/Settings.bundle/de.lproj/Acknowledgements.strings ... 
2026-04-28 23:55:45 +0000  24 bytes for ./Payload/sTalk.app/Settings.bundle/de.lproj/Acknowledgements.strings
2026-04-28 23:55:45 +0000  copying file ./Payload/sTalk.app/Settings.bundle/de.lproj/Root.strings ... 
2026-04-28 23:55:45 +0000  36 bytes for ./Payload/sTalk.app/Settings.bundle/de.lproj/Root.strings
2026-04-28 23:55:45 +0000  copying file ./Payload/sTalk.app/Settings.bundle/ar.lproj/Acknowledgements.strings ... 
2026-04-28 23:55:45 +0000  32 bytes for ./Payload/sTalk.app/Settings.bundle/ar.lproj/Acknowledgements.strings
2026-04-28 23:55:45 +0000  copying file ./Payload/sTalk.app/Settings.bundle/ar.lproj/Root.strings ... 
2026-04-28 23:55:45 +0000  32 bytes for ./Payload/sTalk.app/Settings.bundle/ar.lproj/Root.strings
2026-04-28 23:55:45 +0000  copying file ./Payload/sTalk.app/Settings.bundle/zh-hans.lproj/Acknowledgements.strings ... 
2026-04-28 23:55:45 +0000  25 bytes for ./Payload/sTalk.app/Settings.bundle/zh-hans.lproj/Acknowledgements.strings
2026-04-28 23:55:45 +0000  copying file ./Payload/sTalk.app/Settings.bundle/zh-hans.lproj/Root.strings ... 
2026-04-28 23:55:45 +0000  30 bytes for ./Payload/sTalk.app/Settings.bundle/zh-hans.lproj/Root.strings
2026-04-28 23:55:45 +0000  copying file ./Payload/sTalk.app/Settings.bundle/ja.lproj/Acknowledgements.strings ... 
2026-04-28 23:55:45 +0000  31 bytes for ./Payload/sTalk.app/Settings.bundle/ja.lproj/Acknowledgements.strings
2026-04-28 23:55:45 +0000  copying file ./Payload/sTalk.app/Settings.bundle/ja.lproj/Root.strings ... 
2026-04-28 23:55:45 +0000  30 bytes for ./Payload/sTalk.app/Settings.bundle/ja.lproj/Root.strings
2026-04-28 23:55:45 +0000  copying file ./Payload/sTalk.app/Settings.bundle/en.lproj/Acknowledgements.strings ... 
2026-04-28 23:55:45 +0000  24 bytes for ./Payload/sTalk.app/Settings.bundle/en.lproj/Acknowledgements.strings
2026-04-28 23:55:45 +0000  copying file ./Payload/sTalk.app/Settings.bundle/en.lproj/Root.strings ... 
2026-04-28 23:55:45 +0000  40 bytes for ./Payload/sTalk.app/Settings.bundle/en.lproj/Root.strings
2026-04-28 23:55:45 +0000  copying file ./Payload/sTalk.app/Settings.bundle/uk.lproj/Acknowledgements.strings ... 
2026-04-28 23:55:45 +0000  32 bytes for ./Payload/sTalk.app/Settings.bundle/uk.lproj/Acknowledgements.strings
2026-04-28 23:55:45 +0000  copying file ./Payload/sTalk.app/Settings.bundle/uk.lproj/Root.strings ... 
2026-04-28 23:55:45 +0000  36 bytes for ./Payload/sTalk.app/Settings.bundle/uk.lproj/Root.strings
2026-04-28 23:55:45 +0000  copying file ./Payload/sTalk.app/Settings.bundle/es.lproj/Acknowledgements.strings ... 
2026-04-28 23:55:45 +0000  25 bytes for ./Payload/sTalk.app/Settings.bundle/es.lproj/Acknowledgements.strings
2026-04-28 23:55:45 +0000  copying file ./Payload/sTalk.app/Settings.bundle/es.lproj/Root.strings ... 
2026-04-28 23:55:45 +0000  47 bytes for ./Payload/sTalk.app/Settings.bundle/es.lproj/Root.strings
2026-04-28 23:55:45 +0000  copying file ./Payload/sTalk.app/Settings.bundle/it.lproj/Acknowledgements.strings ... 
2026-04-28 23:55:45 +0000  23 bytes for ./Payload/sTalk.app/Settings.bundle/it.lproj/Acknowledgements.strings
2026-04-28 23:55:45 +0000  copying file ./Payload/sTalk.app/Settings.bundle/it.lproj/Root.strings ... 
2026-04-28 23:55:45 +0000  38 bytes for ./Payload/sTalk.app/Settings.bundle/it.lproj/Root.strings
2026-04-28 23:55:45 +0000  copying file ./Payload/sTalk.app/Settings.bundle/zh-hant.lproj/Acknowledgements.strings ... 
2026-04-28 23:55:45 +0000  25 bytes for ./Payload/sTalk.app/Settings.bundle/zh-hant.lproj/Acknowledgements.strings
2026-04-28 23:55:45 +0000  copying file ./Payload/sTalk.app/Settings.bundle/zh-hant.lproj/Root.strings ... 
2026-04-28 23:55:45 +0000  30 bytes for ./Payload/sTalk.app/Settings.bundle/zh-hant.lproj/Root.strings
2026-04-28 23:55:45 +0000  copying file ./Payload/sTalk.app/Settings.bundle/tr.lproj/Acknowledgements.strings ... 
2026-04-28 23:55:45 +0000  25 bytes for ./Payload/sTalk.app/Settings.bundle/tr.lproj/Acknowledgements.strings
2026-04-28 23:55:45 +0000  copying file ./Payload/sTalk.app/Settings.bundle/tr.lproj/Root.strings ... 
2026-04-28 23:55:45 +0000  37 bytes for ./Payload/sTalk.app/Settings.bundle/tr.lproj/Root.strings
2026-04-28 23:55:45 +0000  copying file ./Payload/sTalk.app/Settings.bundle/pl.lproj/Acknowledgements.strings ... 
2026-04-28 23:55:45 +0000  24 bytes for ./Payload/sTalk.app/Settings.bundle/pl.lproj/Acknowledgements.strings
copying file ./Payload/sTalk.app/Settings.bundle/pl.lproj/Root.strings ... 
38 bytes for ./Payload/sTalk.app/Settings.bundle/pl.lproj/Root.strings
2026-04-28 23:55:45 +0000  copying file ./Payload/sTalk.app/Settings.bundle/Packages/swift-snapshot-testing.plist ... 
2026-04-28 23:55:45 +0000  1434 bytes for ./Payload/sTalk.app/Settings.bundle/Packages/swift-snapshot-testing.plist
2026-04-28 23:55:45 +0000  copying file ./Payload/sTalk.app/Settings.bundle/Packages/swift-custom-dump.plist ... 
2026-04-28 23:55:45 +0000  1434 bytes for ./Payload/sTalk.app/Settings.bundle/Packages/swift-custom-dump.plist
2026-04-28 23:55:45 +0000  copying file ./Payload/sTalk.app/Settings.bundle/Packages/swift-numerics.plist ... 
2026-04-28 23:55:45 +0000  12112 bytes for ./Payload/sTalk.app/Settings.bundle/Packages/swift-numerics.plist
2026-04-28 23:55:45 +0000  copying file ./Payload/sTalk.app/Settings.bundle/Packages/SwiftOGG.plist ... 
2026-04-28 23:55:45 +0000  11718 bytes for ./Payload/sTalk.app/Settings.bundle/Packages/SwiftOGG.plist
2026-04-28 23:55:45 +0000  copying file ./Payload/sTalk.app/Settings.bundle/Packages/Sentry.plist ... 
2026-04-28 23:55:45 +0000  1434 bytes for ./Payload/sTalk.app/Settings.bundle/Packages/Sentry.plist
2026-04-28 23:55:45 +0000  copying file ./Payload/sTalk.app/Settings.bundle/Packages/xctest-dynamic-overlay.plist ... 
2026-04-28 23:55:45 +0000  1434 bytes for ./Payload/sTalk.app/Settings.bundle/Packages/xctest-dynamic-overlay.plist
2026-04-28 23:55:45 +0000  copying file ./Payload/sTalk.app/Settings.bundle/Packages/KZFileWatchers.plist ... 
2026-04-28 23:55:45 +0000  1460 bytes for ./Payload/sTalk.app/Settings.bundle/Packages/KZFileWatchers.plist
2026-04-28 23:55:45 +0000  copying file ./Payload/sTalk.app/Settings.bundle/Packages/swiftui-introspect.plist ... 
2026-04-28 23:55:45 +0000  1415 bytes for ./Payload/sTalk.app/Settings.bundle/Packages/swiftui-introspect.plist
2026-04-28 23:55:45 +0000  copying file ./Payload/sTalk.app/Settings.bundle/Packages/SwiftState.plist ... 
2026-04-28 23:55:45 +0000  1442 bytes for ./Payload/sTalk.app/Settings.bundle/Packages/SwiftState.plist
2026-04-28 23:55:45 +0000  copying file ./Payload/sTalk.app/Settings.bundle/Packages/SFSafeSymbols.plist ... 
2026-04-28 23:55:45 +0000  1441 bytes for ./Payload/sTalk.app/Settings.bundle/Packages/SFSafeSymbols.plist
2026-04-28 23:55:45 +0000  copying file ./Payload/sTalk.app/Settings.bundle/Packages/YbridOgg.plist ... 
2026-04-28 23:55:45 +0000  3199 bytes for ./Payload/sTalk.app/Settings.bundle/Packages/YbridOgg.plist
2026-04-28 23:55:45 +0000  copying file ./Payload/sTalk.app/Settings.bundle/Packages/PostHog.plist ... 
2026-04-28 23:55:45 +0000  1429 bytes for ./Payload/sTalk.app/Settings.bundle/Packages/PostHog.plist
2026-04-28 23:55:45 +0000  copying file ./Payload/sTalk.app/Settings.bundle/Packages/YbridOpus.plist ... 
2026-04-28 23:55:45 +0000  3856 bytes for ./Payload/sTalk.app/Settings.bundle/Packages/YbridOpus.plist
2026-04-28 23:55:45 +0000  copying file ./Payload/sTalk.app/Settings.bundle/Packages/KeychainAccess.plist ... 
2026-04-28 23:55:45 +0000  1446 bytes for ./Payload/sTalk.app/Settings.bundle/Packages/KeychainAccess.plist
2026-04-28 23:55:45 +0000  copying file ./Payload/sTalk.app/Settings.bundle/Packages/MapLibre Native.plist ... 
2026-04-28 23:55:45 +0000  1735 bytes for ./Payload/sTalk.app/Settings.bundle/Packages/MapLibre Native.plist
2026-04-28 23:55:45 +0000  copying file ./Payload/sTalk.app/Settings.bundle/Packages/Kingfisher.plist ... 
2026-04-28 23:55:45 +0000  1437 bytes for ./Payload/sTalk.app/Settings.bundle/Packages/Kingfisher.plist
2026-04-28 23:55:45 +0000  copying file ./Payload/sTalk.app/Settings.bundle/Packages/GZIP.plist ... 
2026-04-28 23:55:45 +0000  1431 bytes for ./Payload/sTalk.app/Settings.bundle/Packages/GZIP.plist
2026-04-28 23:55:45 +0000  copying file ./Payload/sTalk.app/Settings.bundle/Packages/MatrixRustSDK.plist ... 
2026-04-28 23:55:45 +0000  11719 bytes for ./Payload/sTalk.app/Settings.bundle/Packages/MatrixRustSDK.plist
2026-04-28 23:55:45 +0000  copying file ./Payload/sTalk.app/Settings.bundle/Packages/DeviceKit.plist ... 
2026-04-28 23:55:45 +0000  1420 bytes for ./Payload/sTalk.app/Settings.bundle/Packages/DeviceKit.plist
2026-04-28 23:55:45 +0000  copying file ./Payload/sTalk.app/Settings.bundle/Packages/swift-atomics.plist ... 
2026-04-28 23:55:45 +0000  12112 bytes for ./Payload/sTalk.app/Settings.bundle/Packages/swift-atomics.plist
2026-04-28 23:55:45 +0000  copying file ./Payload/sTalk.app/Settings.bundle/Packages/DTCoreText.plist ... 
2026-04-28 23:55:45 +0000  1659 bytes for ./Payload/sTalk.app/Settings.bundle/Packages/DTCoreText.plist
2026-04-28 23:55:45 +0000  copying file ./Payload/sTalk.app/Settings.bundle/Packages/swift-syntax.plist ... 
2026-04-28 23:55:45 +0000  12112 bytes for ./Payload/sTalk.app/Settings.bundle/Packages/swift-syntax.plist
2026-04-28 23:55:45 +0000  copying file ./Payload/sTalk.app/Settings.bundle/Packages/swift-async-algorithms.plist ... 
2026-04-28 23:55:45 +0000  12112 bytes for ./Payload/sTalk.app/Settings.bundle/Packages/swift-async-algorithms.plist
2026-04-28 23:55:45 +0000  copying file ./Payload/sTalk.app/Settings.bundle/Packages/Emojibase.plist ... 
2026-04-28 23:55:45 +0000  11718 bytes for ./Payload/sTalk.app/Settings.bundle/Packages/Emojibase.plist
2026-04-28 23:55:45 +0000  copying file ./Payload/sTalk.app/Settings.bundle/Packages/swift-concurrency-extras.plist ... 
2026-04-28 23:55:45 +0000  1428 bytes for ./Payload/sTalk.app/Settings.bundle/Packages/swift-concurrency-extras.plist
2026-04-28 23:55:45 +0000  copying file ./Payload/sTalk.app/Settings.bundle/Packages/SwiftSoup.plist ... 
2026-04-28 23:55:45 +0000  1521 bytes for ./Payload/sTalk.app/Settings.bundle/Packages/SwiftSoup.plist
2026-04-28 23:55:45 +0000  copying file ./Payload/sTalk.app/Settings.bundle/Packages/swift-algorithms.plist ... 
2026-04-28 23:55:45 +0000  12112 bytes for ./Payload/sTalk.app/Settings.bundle/Packages/swift-algorithms.plist
2026-04-28 23:55:45 +0000  copying file ./Payload/sTalk.app/Settings.bundle/Packages/swift-clocks.plist ... 
2026-04-28 23:55:45 +0000  1428 bytes for ./Payload/sTalk.app/Settings.bundle/Packages/swift-clocks.plist
2026-04-28 23:55:45 +0000  copying file ./Payload/sTalk.app/Settings.bundle/Packages/DTFoundation.plist ... 
2026-04-28 23:55:45 +0000  1659 bytes for ./Payload/sTalk.app/Settings.bundle/Packages/DTFoundation.plist
2026-04-28 23:55:45 +0000  copying file ./Payload/sTalk.app/Settings.bundle/Packages/LRUCache.plist ... 
2026-04-28 23:55:45 +0000  1431 bytes for ./Payload/sTalk.app/Settings.bundle/Packages/LRUCache.plist
2026-04-28 23:55:45 +0000  copying file ./Payload/sTalk.app/Settings.bundle/Packages/DSWaveformImage.plist ... 
2026-04-28 23:55:45 +0000  1442 bytes for ./Payload/sTalk.app/Settings.bundle/Packages/DSWaveformImage.plist
2026-04-28 23:55:45 +0000  copying file ./Payload/sTalk.app/Settings.bundle/Packages/LoremSwiftum.plist ... 
2026-04-28 23:55:45 +0000  1423 bytes for ./Payload/sTalk.app/Settings.bundle/Packages/LoremSwiftum.plist
2026-04-28 23:55:45 +0000  copying file ./Payload/sTalk.app/Settings.bundle/Packages/swift-collections.plist ... 
2026-04-28 23:55:45 +0000  12112 bytes for ./Payload/sTalk.app/Settings.bundle/Packages/swift-collections.plist
2026-04-28 23:55:45 +0000  copying file ./Payload/sTalk.app/Settings.bundle/Packages/AnalyticsEvents.plist ... 
2026-04-28 23:55:45 +0000  11718 bytes for ./Payload/sTalk.app/Settings.bundle/Packages/AnalyticsEvents.plist
2026-04-28 23:55:45 +0000  copying file ./Payload/sTalk.app/Settings.bundle/Packages/Version.plist ... 
2026-04-28 23:55:45 +0000  12080 bytes for ./Payload/sTalk.app/Settings.bundle/Packages/Version.plist
2026-04-28 23:55:45 +0000  copying file ./Payload/sTalk.app/Settings.bundle/ru.lproj/Acknowledgements.strings ... 
2026-04-28 23:55:45 +0000  32 bytes for ./Payload/sTalk.app/Settings.bundle/ru.lproj/Acknowledgements.strings
2026-04-28 23:55:45 +0000  copying file ./Payload/sTalk.app/Settings.bundle/ru.lproj/Root.strings ... 
2026-04-28 23:55:45 +0000  50 bytes for ./Payload/sTalk.app/Settings.bundle/ru.lproj/Root.strings
2026-04-28 23:55:45 +0000  copying file ./Payload/sTalk.app/Settings.bundle/Acknowledgements.plist ... 
2026-04-28 23:55:45 +0000  7231 bytes for ./Payload/sTalk.app/Settings.bundle/Acknowledgements.plist
2026-04-28 23:55:45 +0000  copying file ./Payload/sTalk.app/Settings.bundle/Root.plist ... 
2026-04-28 23:55:45 +0000  480 bytes for ./Payload/sTalk.app/Settings.bundle/Root.plist
2026-04-28 23:55:45 +0000  copying file ./Payload/sTalk.app/Settings.bundle/fr.lproj/Acknowledgements.strings ... 
2026-04-28 23:55:45 +0000  24 bytes for ./Payload/sTalk.app/Settings.bundle/fr.lproj/Acknowledgements.strings
2026-04-28 23:55:45 +0000  copying file ./Payload/sTalk.app/Settings.bundle/fr.lproj/Root.strings ... 
2026-04-28 23:55:45 +0000  37 bytes for ./Payload/sTalk.app/Settings.bundle/fr.lproj/Root.strings
2026-04-28 23:55:45 +0000  copying file ./Payload/sTalk.app/Settings.bundle/pt.lproj/Acknowledgements.strings ... 
2026-04-28 23:55:45 +0000  25 bytes for ./Payload/sTalk.app/Settings.bundle/pt.lproj/Acknowledgements.strings
2026-04-28 23:55:45 +0000  copying file ./Payload/sTalk.app/Settings.bundle/pt.lproj/Root.strings ... 
2026-04-28 23:55:45 +0000  38 bytes for ./Payload/sTalk.app/Settings.bundle/pt.lproj/Root.strings
2026-04-28 23:55:45 +0000  copying file ./Payload/sTalk.app/Settings.bundle/hi.lproj/Acknowledgements.strings ... 
2026-04-28 23:55:45 +0000  37 bytes for ./Payload/sTalk.app/Settings.bundle/hi.lproj/Acknowledgements.strings
2026-04-28 23:55:45 +0000  copying file ./Payload/sTalk.app/Settings.bundle/hi.lproj/Root.strings ... 
2026-04-28 23:55:45 +0000  57 bytes for ./Payload/sTalk.app/Settings.bundle/hi.lproj/Root.strings
2026-04-28 23:55:45 +0000  copying file ./Payload/sTalk.app/da.lproj/Localizable.strings ... 
2026-04-28 23:55:45 +0000  157869 bytes for ./Payload/sTalk.app/da.lproj/Localizable.strings
2026-04-28 23:55:45 +0000  copying file ./Payload/sTalk.app/da.lproj/InfoPlist.strings ... 
2026-04-28 23:55:45 +0000  710 bytes for ./Payload/sTalk.app/da.lproj/InfoPlist.strings
2026-04-28 23:55:45 +0000  copying file ./Payload/sTalk.app/da.lproj/Localizable.stringsdict ... 
2026-04-28 23:55:45 +0000  3980 bytes for ./Payload/sTalk.app/da.lproj/Localizable.stringsdict
2026-04-28 23:55:45 +0000  copying file ./Payload/sTalk.app/et.lproj/SAS.strings ... 
2026-04-28 23:55:45 +0000  1415 bytes for ./Payload/sTalk.app/et.lproj/SAS.strings
2026-04-28 23:55:45 +0000  copying file ./Payload/sTalk.app/et.lproj/Localizable.strings ... 
2026-04-28 23:55:45 +0000  165012 bytes for ./Payload/sTalk.app/et.lproj/Localizable.strings
2026-04-28 23:55:45 +0000  copying file ./Payload/sTalk.app/et.lproj/InfoPlist.strings ... 
2026-04-28 23:55:45 +0000  926 bytes for ./Payload/sTalk.app/et.lproj/InfoPlist.strings
2026-04-28 23:55:45 +0000  copying file ./Payload/sTalk.app/et.lproj/Localizable.stringsdict ... 
2026-04-28 23:55:45 +0000  4575 bytes for ./Payload/sTalk.app/et.lproj/Localizable.stringsdict
2026-04-28 23:55:45 +0000  copying file ./Payload/sTalk.app/PlugIns/NSE.appex/_CodeSignature/CodeResources ... 
2026-04-28 23:55:45 +0000  4484 bytes for ./Payload/sTalk.app/PlugIns/NSE.appex/_CodeSignature/CodeResources
2026-04-28 23:55:45 +0000  copying file ./Payload/sTalk.app/PlugIns/NSE.appex/CompoundDesignTokens_CompoundDesignTokens.bundle/Assets.car ... 
2026-04-28 23:55:45 +0000  1209912 bytes for ./Payload/sTalk.app/PlugIns/NSE.appex/CompoundDesignTokens_CompoundDesignTokens.bundle/Assets.car
2026-04-28 23:55:45 +0000  copying file ./Payload/sTalk.app/PlugIns/NSE.appex/CompoundDesignTokens_CompoundDesignTokens.bundle/theme.iife.js ... 
2026-04-28 23:55:45 +0000  128928 bytes for ./Payload/sTalk.app/PlugIns/NSE.appex/CompoundDesignTokens_CompoundDesignTokens.bundle/theme.iife.js
2026-04-28 23:55:45 +0000  copying file ./Payload/sTalk.app/PlugIns/NSE.appex/CompoundDesignTokens_CompoundDesignTokens.bundle/Info.plist ... 
2026-04-28 23:55:45 +0000  728 bytes for ./Payload/sTalk.app/PlugIns/NSE.appex/CompoundDesignTokens_CompoundDesignTokens.bundle/Info.plist
2026-04-28 23:55:45 +0000  copying file ./Payload/sTalk.app/PlugIns/NSE.appex/Kingfisher_Kingfisher.bundle/PrivacyInfo.xcprivacy ... 
2026-04-28 23:55:45 +0000  707 bytes for ./Payload/sTalk.app/PlugIns/NSE.appex/Kingfisher_Kingfisher.bundle/PrivacyInfo.xcprivacy
2026-04-28 23:55:45 +0000  copying file ./Payload/sTalk.app/PlugIns/NSE.appex/Kingfisher_Kingfisher.bundle/Info.plist ... 
2026-04-28 23:55:45 +0000  686 bytes for ./Payload/sTalk.app/PlugIns/NSE.appex/Kingfisher_Kingfisher.bundle/Info.plist
2026-04-28 23:55:45 +0000  copying file ./Payload/sTalk.app/PlugIns/NSE.appex/DeviceKit_DeviceKit.bundle/PrivacyInfo.xcprivacy ... 
2026-04-28 23:55:45 +0000  623 bytes for ./Payload/sTalk.app/PlugIns/NSE.appex/DeviceKit_DeviceKit.bundle/PrivacyInfo.xcprivacy
2026-04-28 23:55:45 +0000  copying file ./Payload/sTalk.app/PlugIns/NSE.appex/DeviceKit_DeviceKit.bundle/Info.plist ... 
2026-04-28 23:55:45 +0000  682 bytes for ./Payload/sTalk.app/PlugIns/NSE.appex/DeviceKit_DeviceKit.bundle/Info.plist
2026-04-28 23:55:45 +0000  copying file ./Payload/sTalk.app/PlugIns/NSE.appex/PrivacyInfo.xcprivacy ... 
2026-04-28 23:55:45 +0000  891 bytes for ./Payload/sTalk.app/PlugIns/NSE.appex/PrivacyInfo.xcprivacy
2026-04-28 23:55:45 +0000  copying file ./Payload/sTalk.app/PlugIns/NSE.appex/target.yml ... 
2026-04-28 23:55:45 +0000  5628 bytes for ./Payload/sTalk.app/PlugIns/NSE.appex/target.yml
2026-04-28 23:55:45 +0000  copying file ./Payload/sTalk.app/PlugIns/NSE.appex/embedded.mobileprovision ... 
2026-04-28 23:55:45 +0000  12507 bytes for ./Payload/sTalk.app/PlugIns/NSE.appex/embedded.mobileprovision
2026-04-28 23:55:45 +0000  copying file ./Payload/sTalk.app/PlugIns/NSE.appex/NSE ... 
2026-04-28 23:55:45 +0000  8456864 bytes for ./Payload/sTalk.app/PlugIns/NSE.appex/NSE
2026-04-28 23:55:45 +0000  copying file ./Payload/sTalk.app/PlugIns/NSE.appex/Info.plist ... 
1142 bytes for ./Payload/sTalk.app/PlugIns/NSE.appex/Info.plist
2026-04-28 23:55:45 +0000  copying file ./Payload/sTalk.app/PlugIns/ShareExtension.appex/_CodeSignature/CodeResources ... 
2026-04-28 23:55:45 +0000  3164 bytes for ./Payload/sTalk.app/PlugIns/ShareExtension.appex/_CodeSignature/CodeResources
2026-04-28 23:55:45 +0000  copying file ./Payload/sTalk.app/PlugIns/ShareExtension.appex/ShareExtension ... 
2026-04-28 23:55:46 +0000  5751088 bytes for ./Payload/sTalk.app/PlugIns/ShareExtension.appex/ShareExtension
2026-04-28 23:55:46 +0000  copying file ./Payload/sTalk.app/PlugIns/ShareExtension.appex/CompoundDesignTokens_CompoundDesignTokens.bundle/Assets.car ... 
2026-04-28 23:55:46 +0000  1209912 bytes for ./Payload/sTalk.app/PlugIns/ShareExtension.appex/CompoundDesignTokens_CompoundDesignTokens.bundle/Assets.car
2026-04-28 23:55:46 +0000  copying file ./Payload/sTalk.app/PlugIns/ShareExtension.appex/CompoundDesignTokens_CompoundDesignTokens.bundle/theme.iife.js ... 
2026-04-28 23:55:46 +0000  128928 bytes for ./Payload/sTalk.app/PlugIns/ShareExtension.appex/CompoundDesignTokens_CompoundDesignTokens.bundle/theme.iife.js
2026-04-28 23:55:46 +0000  copying file ./Payload/sTalk.app/PlugIns/ShareExtension.appex/CompoundDesignTokens_CompoundDesignTokens.bundle/Info.plist ... 
2026-04-28 23:55:46 +0000  728 bytes for ./Payload/sTalk.app/PlugIns/ShareExtension.appex/CompoundDesignTokens_CompoundDesignTokens.bundle/Info.plist
2026-04-28 23:55:46 +0000  copying file ./Payload/sTalk.app/PlugIns/ShareExtension.appex/target.yml ... 
2026-04-28 23:55:46 +0000  4130 bytes for ./Payload/sTalk.app/PlugIns/ShareExtension.appex/target.yml
2026-04-28 23:55:46 +0000  copying file ./Payload/sTalk.app/PlugIns/ShareExtension.appex/embedded.mobileprovision ... 
2026-04-28 23:55:46 +0000  12403 bytes for ./Payload/sTalk.app/PlugIns/ShareExtension.appex/embedded.mobileprovision
2026-04-28 23:55:46 +0000  copying file ./Payload/sTalk.app/PlugIns/ShareExtension.appex/Info.plist ... 
2026-04-28 23:55:46 +0000  1540 bytes for ./Payload/sTalk.app/PlugIns/ShareExtension.appex/Info.plist
2026-04-28 23:55:46 +0000  copying file ./Payload/sTalk.app/it.lproj/SAS.strings ... 
2026-04-28 23:55:46 +0000  1384 bytes for ./Payload/sTalk.app/it.lproj/SAS.strings
2026-04-28 23:55:46 +0000  copying file ./Payload/sTalk.app/it.lproj/Localizable.strings ... 
2026-04-28 23:55:46 +0000  149789 bytes for ./Payload/sTalk.app/it.lproj/Localizable.strings
2026-04-28 23:55:46 +0000  copying file ./Payload/sTalk.app/it.lproj/InfoPlist.strings ... 
2026-04-28 23:55:46 +0000  614 bytes for ./Payload/sTalk.app/it.lproj/InfoPlist.strings
2026-04-28 23:55:46 +0000  copying file ./Payload/sTalk.app/it.lproj/Localizable.stringsdict ... 
2026-04-28 23:55:46 +0000  3800 bytes for ./Payload/sTalk.app/it.lproj/Localizable.stringsdict
2026-04-28 23:55:46 +0000  copying file ./Payload/sTalk.app/bg.lproj/SAS.strings ... 
2026-04-28 23:55:46 +0000  1694 bytes for ./Payload/sTalk.app/bg.lproj/SAS.strings
2026-04-28 23:55:46 +0000  copying file ./Payload/sTalk.app/bg.lproj/Localizable.strings ... 
2026-04-28 23:55:46 +0000  155614 bytes for ./Payload/sTalk.app/bg.lproj/Localizable.strings
2026-04-28 23:55:46 +0000  copying file ./Payload/sTalk.app/bg.lproj/InfoPlist.strings ... 
2026-04-28 23:55:46 +0000  918 bytes for ./Payload/sTalk.app/bg.lproj/InfoPlist.strings
2026-04-28 23:55:46 +0000  copying file ./Payload/sTalk.app/bg.lproj/Localizable.stringsdict ... 
2026-04-28 23:55:46 +0000  4488 bytes for ./Payload/sTalk.app/bg.lproj/Localizable.stringsdict
2026-04-28 23:55:46 +0000  copying file ./Payload/sTalk.app/sTalk ... 
2026-04-28 23:55:47 +0000  49826368 bytes for ./Payload/sTalk.app/sTalk
2026-04-28 23:55:47 +0000  copying file ./Payload/sTalk.app/sk.lproj/SAS.strings ... 
2026-04-28 23:55:47 +0000  1564 bytes for ./Payload/sTalk.app/sk.lproj/SAS.strings
2026-04-28 23:55:47 +0000  copying file ./Payload/sTalk.app/sk.lproj/Localizable.strings ... 
2026-04-28 23:55:47 +0000  175322 bytes for ./Payload/sTalk.app/sk.lproj/Localizable.strings
2026-04-28 23:55:47 +0000  copying file ./Payload/sTalk.app/sk.lproj/InfoPlist.strings ... 
2026-04-28 23:55:47 +0000  1008 bytes for ./Payload/sTalk.app/sk.lproj/InfoPlist.strings
2026-04-28 23:55:47 +0000  copying file ./Payload/sTalk.app/sk.lproj/Localizable.stringsdict ... 
2026-04-28 23:55:47 +0000  6417 bytes for ./Payload/sTalk.app/sk.lproj/Localizable.stringsdict
2026-04-28 23:55:47 +0000  copying file ./Payload/sTalk.app/AppIcon60x60@2x.png ... 
2026-04-28 23:55:47 +0000  7533 bytes for ./Payload/sTalk.app/AppIcon60x60@2x.png
2026-04-28 23:55:47 +0000  copying file ./Payload/sTalk.app/TabChats.json ... 
2026-04-28 23:55:47 +0000  8286 bytes for ./Payload/sTalk.app/TabChats.json
2026-04-28 23:55:47 +0000  copying file ./Payload/sTalk.app/be.lproj/Localizable.strings ... 
2026-04-28 23:55:47 +0000  160932 bytes for ./Payload/sTalk.app/be.lproj/Localizable.strings
2026-04-28 23:55:47 +0000  copying file ./Payload/sTalk.app/be.lproj/InfoPlist.strings ... 
2026-04-28 23:55:47 +0000  1012 bytes for ./Payload/sTalk.app/be.lproj/InfoPlist.strings
copying file ./Payload/sTalk.app/be.lproj/Localizable.stringsdict ... 
2026-04-28 23:55:47 +0000  5483 bytes for ./Payload/sTalk.app/be.lproj/Localizable.stringsdict
2026-04-28 23:55:47 +0000  copying file ./Payload/sTalk.app/sv.lproj/SAS.strings ... 
2026-04-28 23:55:47 +0000  1404 bytes for ./Payload/sTalk.app/sv.lproj/SAS.strings
2026-04-28 23:55:47 +0000  copying file ./Payload/sTalk.app/sv.lproj/Localizable.strings ... 
2026-04-28 23:55:47 +0000  165247 bytes for ./Payload/sTalk.app/sv.lproj/Localizable.strings
2026-04-28 23:55:47 +0000  copying file ./Payload/sTalk.app/sv.lproj/InfoPlist.strings ... 
2026-04-28 23:55:47 +0000  930 bytes for ./Payload/sTalk.app/sv.lproj/InfoPlist.strings
2026-04-28 23:55:47 +0000  copying file ./Payload/sTalk.app/sv.lproj/Localizable.stringsdict ... 
2026-04-28 23:55:47 +0000  4162 bytes for ./Payload/sTalk.app/sv.lproj/Localizable.stringsdict
2026-04-28 23:55:47 +0000  copying file ./Payload/sTalk.app/cs.lproj/SAS.strings ... 
2026-04-28 23:55:47 +0000  1519 bytes for ./Payload/sTalk.app/cs.lproj/SAS.strings
2026-04-28 23:55:47 +0000  copying file ./Payload/sTalk.app/cs.lproj/Localizable.strings ... 
2026-04-28 23:55:47 +0000  169830 bytes for ./Payload/sTalk.app/cs.lproj/Localizable.strings
2026-04-28 23:55:47 +0000  copying file ./Payload/sTalk.app/cs.lproj/InfoPlist.strings ... 
2026-04-28 23:55:47 +0000  976 bytes for ./Payload/sTalk.app/cs.lproj/InfoPlist.strings
copying file ./Payload/sTalk.app/cs.lproj/Localizable.stringsdict ... 
2026-04-28 23:55:47 +0000  6526 bytes for ./Payload/sTalk.app/cs.lproj/Localizable.stringsdict
copying file ./Payload/sTalk.app/Kingfisher_Kingfisher.bundle/PrivacyInfo.xcprivacy ... 
2026-04-28 23:55:47 +0000  707 bytes for ./Payload/sTalk.app/Kingfisher_Kingfisher.bundle/PrivacyInfo.xcprivacy
copying file ./Payload/sTalk.app/Kingfisher_Kingfisher.bundle/Info.plist ... 
2026-04-28 23:55:47 +0000  686 bytes for ./Payload/sTalk.app/Kingfisher_Kingfisher.bundle/Info.plist
2026-04-28 23:55:47 +0000  copying file ./Payload/sTalk.app/ko.lproj/Localizable.strings ... 
2026-04-28 23:55:47 +0000  127000 bytes for ./Payload/sTalk.app/ko.lproj/Localizable.strings
copying file ./Payload/sTalk.app/ko.lproj/InfoPlist.strings ... 
2026-04-28 23:55:47 +0000  678 bytes for ./Payload/sTalk.app/ko.lproj/InfoPlist.strings
copying file ./Payload/sTalk.app/ko.lproj/Localizable.stringsdict ... 
2026-04-28 23:55:47 +0000  3251 bytes for ./Payload/sTalk.app/ko.lproj/Localizable.stringsdict
copying file ./Payload/sTalk.app/LiveKit_LiveKit.bundle/PrivacyInfo.xcprivacy ... 
541 bytes for ./Payload/sTalk.app/LiveKit_LiveKit.bundle/PrivacyInfo.xcprivacy
copying file ./Payload/sTalk.app/LiveKit_LiveKit.bundle/Info.plist ... 
2026-04-28 23:55:47 +0000  683 bytes for ./Payload/sTalk.app/LiveKit_LiveKit.bundle/Info.plist
copying file ./Payload/sTalk.app/DeviceKit_DeviceKit.bundle/PrivacyInfo.xcprivacy ... 
2026-04-28 23:55:47 +0000  623 bytes for ./Payload/sTalk.app/DeviceKit_DeviceKit.bundle/PrivacyInfo.xcprivacy
2026-04-28 23:55:47 +0000  copying file ./Payload/sTalk.app/DeviceKit_DeviceKit.bundle/Info.plist ... 
2026-04-28 23:55:47 +0000  682 bytes for ./Payload/sTalk.app/DeviceKit_DeviceKit.bundle/Info.plist
copying file ./Payload/sTalk.app/SwiftProtobuf_SwiftProtobuf.bundle/PrivacyInfo.xcprivacy ... 
2026-04-28 23:55:47 +0000  373 bytes for ./Payload/sTalk.app/SwiftProtobuf_SwiftProtobuf.bundle/PrivacyInfo.xcprivacy
copying file ./Payload/sTalk.app/SwiftProtobuf_SwiftProtobuf.bundle/Info.plist ... 
2026-04-28 23:55:47 +0000  699 bytes for ./Payload/sTalk.app/SwiftProtobuf_SwiftProtobuf.bundle/Info.plist
2026-04-28 23:55:47 +0000  copying file ./Payload/sTalk.app/Lottie_Lottie.bundle/PrivacyInfo.xcprivacy ... 
2026-04-28 23:55:47 +0000  599 bytes for ./Payload/sTalk.app/Lottie_Lottie.bundle/PrivacyInfo.xcprivacy
2026-04-28 23:55:47 +0000  copying file ./Payload/sTalk.app/Lottie_Lottie.bundle/Info.plist ... 
2026-04-28 23:55:47 +0000  672 bytes for ./Payload/sTalk.app/Lottie_Lottie.bundle/Info.plist
2026-04-28 23:55:47 +0000  copying file ./Payload/sTalk.app/hu.lproj/SAS.strings ... 
2026-04-28 23:55:47 +0000  1521 bytes for ./Payload/sTalk.app/hu.lproj/SAS.strings
2026-04-28 23:55:47 +0000  copying file ./Payload/sTalk.app/hu.lproj/Localizable.strings ... 
2026-04-28 23:55:47 +0000  178852 bytes for ./Payload/sTalk.app/hu.lproj/Localizable.strings
copying file ./Payload/sTalk.app/hu.lproj/InfoPlist.strings ... 
1144 bytes for ./Payload/sTalk.app/hu.lproj/InfoPlist.strings
copying file ./Payload/sTalk.app/hu.lproj/Localizable.stringsdict ... 
4007 bytes for ./Payload/sTalk.app/hu.lproj/Localizable.stringsdict
copying file ./Payload/sTalk.app/TabCalls.json ... 
2026-04-28 23:55:47 +0000  6669 bytes for ./Payload/sTalk.app/TabCalls.json
copying file ./Payload/sTalk.app/ka.lproj/Localizable.strings ... 
2026-04-28 23:55:47 +0000  154197 bytes for ./Payload/sTalk.app/ka.lproj/Localizable.strings
copying file ./Payload/sTalk.app/ka.lproj/InfoPlist.strings ... 
980 bytes for ./Payload/sTalk.app/ka.lproj/InfoPlist.strings
copying file ./Payload/sTalk.app/ka.lproj/Localizable.stringsdict ... 
3893 bytes for ./Payload/sTalk.app/ka.lproj/Localizable.stringsdict
copying file ./Payload/sTalk.app/Assets.car ... 
2026-04-28 23:55:48 +0000  5709496 bytes for ./Payload/sTalk.app/Assets.car
2026-04-28 23:55:48 +0000  copying file ./Payload/sTalk.app/tr.lproj/Localizable.strings ... 
2026-04-28 23:55:48 +0000  163700 bytes for ./Payload/sTalk.app/tr.lproj/Localizable.strings
2026-04-28 23:55:48 +0000  copying file ./Payload/sTalk.app/tr.lproj/InfoPlist.strings ... 
2026-04-28 23:55:48 +0000  976 bytes for ./Payload/sTalk.app/tr.lproj/InfoPlist.strings
2026-04-28 23:55:48 +0000  copying file ./Payload/sTalk.app/tr.lproj/Localizable.stringsdict ... 
2026-04-28 23:55:48 +0000  3725 bytes for ./Payload/sTalk.app/tr.lproj/Localizable.stringsdict
2026-04-28 23:55:48 +0000  copying file ./Payload/sTalk.app/message.caf ... 
2026-04-28 23:55:48 +0000  29664 bytes for ./Payload/sTalk.app/message.caf
2026-04-28 23:55:48 +0000  copying file ./Payload/sTalk.app/pl.lproj/Localizable.strings ... 
2026-04-28 23:55:48 +0000  168926 bytes for ./Payload/sTalk.app/pl.lproj/Localizable.strings
2026-04-28 23:55:48 +0000  copying file ./Payload/sTalk.app/pl.lproj/InfoPlist.strings ... 
2026-04-28 23:55:48 +0000  1012 bytes for ./Payload/sTalk.app/pl.lproj/InfoPlist.strings
2026-04-28 23:55:48 +0000  copying file ./Payload/sTalk.app/pl.lproj/Localizable.stringsdict ... 
2026-04-28 23:55:48 +0000  5557 bytes for ./Payload/sTalk.app/pl.lproj/Localizable.stringsdict
2026-04-28 23:55:48 +0000  copying file ./Payload/sTalk.app/AppIcon76x76@2x~ipad.png ... 
2026-04-28 23:55:48 +0000  9951 bytes for ./Payload/sTalk.app/AppIcon76x76@2x~ipad.png
2026-04-28 23:55:48 +0000  copying file ./Payload/sTalk.app/pt-BR.lproj/SAS.strings ... 
2026-04-28 23:55:48 +0000  1438 bytes for ./Payload/sTalk.app/pt-BR.lproj/SAS.strings
2026-04-28 23:55:48 +0000  copying file ./Payload/sTalk.app/pt-BR.lproj/Localizable.strings ... 
2026-04-28 23:55:48 +0000  167300 bytes for ./Payload/sTalk.app/pt-BR.lproj/Localizable.strings
2026-04-28 23:55:48 +0000  copying file ./Payload/sTalk.app/pt-BR.lproj/InfoPlist.strings ... 
2026-04-28 23:55:48 +0000  968 bytes for ./Payload/sTalk.app/pt-BR.lproj/InfoPlist.strings
2026-04-28 23:55:48 +0000  copying file ./Payload/sTalk.app/pt-BR.lproj/Localizable.stringsdict ... 
2026-04-28 23:55:48 +0000  4583 bytes for ./Payload/sTalk.app/pt-BR.lproj/Localizable.stringsdict
2026-04-28 23:55:48 +0000  copying file ./Payload/sTalk.app/PostHog_PostHog.bundle/PrivacyInfo.xcprivacy ... 
2026-04-28 23:55:48 +0000  1278 bytes for ./Payload/sTalk.app/PostHog_PostHog.bundle/PrivacyInfo.xcprivacy
copying file ./Payload/sTalk.app/PostHog_PostHog.bundle/Info.plist ... 
2026-04-28 23:55:48 +0000  678 bytes for ./Payload/sTalk.app/PostHog_PostHog.bundle/Info.plist
2026-04-28 23:55:48 +0000  copying file ./Payload/sTalk.app/PrivacyInfo.xcprivacy ... 
2026-04-28 23:55:48 +0000  5238 bytes for ./Payload/sTalk.app/PrivacyInfo.xcprivacy
2026-04-28 23:55:48 +0000  copying file ./Payload/sTalk.app/TabApps.json ... 
2026-04-28 23:55:48 +0000  6383 bytes for ./Payload/sTalk.app/TabApps.json
2026-04-28 23:55:48 +0000  copying file ./Payload/sTalk.app/lt.lproj/Localizable.strings ... 
2026-04-28 23:55:48 +0000  137949 bytes for ./Payload/sTalk.app/lt.lproj/Localizable.strings
2026-04-28 23:55:48 +0000  copying file ./Payload/sTalk.app/lt.lproj/Localizable.stringsdict ... 
2026-04-28 23:55:48 +0000  4257 bytes for ./Payload/sTalk.app/lt.lproj/Localizable.stringsdict
2026-04-28 23:55:48 +0000  copying file ./Payload/sTalk.app/ru.lproj/SAS.strings ... 
2026-04-28 23:55:48 +0000  1701 bytes for ./Payload/sTalk.app/ru.lproj/SAS.strings
2026-04-28 23:55:48 +0000  copying file ./Payload/sTalk.app/ru.lproj/Localizable.strings ... 
2026-04-28 23:55:48 +0000  194360 bytes for ./Payload/sTalk.app/ru.lproj/Localizable.strings
2026-04-28 23:55:48 +0000  copying file ./Payload/sTalk.app/ru.lproj/InfoPlist.strings ... 
2026-04-28 23:55:48 +0000  930 bytes for ./Payload/sTalk.app/ru.lproj/InfoPlist.strings
2026-04-28 23:55:48 +0000  copying file ./Payload/sTalk.app/ru.lproj/Localizable.stringsdict ... 
2026-04-28 23:55:48 +0000  6769 bytes for ./Payload/sTalk.app/ru.lproj/Localizable.stringsdict
2026-04-28 23:55:48 +0000  copying file ./Payload/sTalk.app/cy.lproj/Localizable.strings ... 
2026-04-28 23:55:48 +0000  142802 bytes for ./Payload/sTalk.app/cy.lproj/Localizable.strings
2026-04-28 23:55:48 +0000  copying file ./Payload/sTalk.app/cy.lproj/InfoPlist.strings ... 
2026-04-28 23:55:48 +0000  706 bytes for ./Payload/sTalk.app/cy.lproj/InfoPlist.strings
2026-04-28 23:55:48 +0000  copying file ./Payload/sTalk.app/cy.lproj/Localizable.stringsdict ... 
2026-04-28 23:55:48 +0000  4371 bytes for ./Payload/sTalk.app/cy.lproj/Localizable.stringsdict
2026-04-28 23:55:48 +0000  copying file ./Payload/sTalk.app/target.yml ... 
2026-04-28 23:55:48 +0000  9347 bytes for ./Payload/sTalk.app/target.yml
2026-04-28 23:55:48 +0000  copying file ./Payload/sTalk.app/en-US.lproj/Localizable.strings ... 
2026-04-28 23:55:48 +0000  129367 bytes for ./Payload/sTalk.app/en-US.lproj/Localizable.strings
2026-04-28 23:55:48 +0000  copying file ./Payload/sTalk.app/uz.lproj/Localizable.strings ... 
2026-04-28 23:55:48 +0000  154236 bytes for ./Payload/sTalk.app/uz.lproj/Localizable.strings
2026-04-28 23:55:48 +0000  copying file ./Payload/sTalk.app/uz.lproj/InfoPlist.strings ... 
2026-04-28 23:55:48 +0000  773 bytes for ./Payload/sTalk.app/uz.lproj/InfoPlist.strings
2026-04-28 23:55:48 +0000  copying file ./Payload/sTalk.app/uz.lproj/Localizable.stringsdict ... 
2026-04-28 23:55:48 +0000  3688 bytes for ./Payload/sTalk.app/uz.lproj/Localizable.stringsdict
2026-04-28 23:55:48 +0000  copying file ./Payload/sTalk.app/fr.lproj/SAS.strings ... 
2026-04-28 23:55:48 +0000  1432 bytes for ./Payload/sTalk.app/fr.lproj/SAS.strings
2026-04-28 23:55:48 +0000  copying file ./Payload/sTalk.app/fr.lproj/Localizable.strings ... 
2026-04-28 23:55:48 +0000  180287 bytes for ./Payload/sTalk.app/fr.lproj/Localizable.strings
2026-04-28 23:55:48 +0000  copying file ./Payload/sTalk.app/fr.lproj/InfoPlist.strings ... 
1082 bytes for ./Payload/sTalk.app/fr.lproj/InfoPlist.strings
copying file ./Payload/sTalk.app/fr.lproj/Localizable.stringsdict ... 
2026-04-28 23:55:48 +0000  4860 bytes for ./Payload/sTalk.app/fr.lproj/Localizable.stringsdict
2026-04-28 23:55:48 +0000  copying file ./Payload/sTalk.app/fi.lproj/SAS.strings ... 
2026-04-28 23:55:48 +0000  1436 bytes for ./Payload/sTalk.app/fi.lproj/SAS.strings
2026-04-28 23:55:48 +0000  copying file ./Payload/sTalk.app/fi.lproj/Localizable.strings ... 
2026-04-28 23:55:48 +0000  160592 bytes for ./Payload/sTalk.app/fi.lproj/Localizable.strings
2026-04-28 23:55:48 +0000  copying file ./Payload/sTalk.app/fi.lproj/InfoPlist.strings ... 
2026-04-28 23:55:48 +0000  944 bytes for ./Payload/sTalk.app/fi.lproj/InfoPlist.strings
2026-04-28 23:55:48 +0000  copying file ./Payload/sTalk.app/fi.lproj/Localizable.stringsdict ... 
2026-04-28 23:55:48 +0000  4600 bytes for ./Payload/sTalk.app/fi.lproj/Localizable.stringsdict
2026-04-28 23:55:48 +0000  copying file ./Payload/sTalk.app/id.lproj/SAS.strings ... 
2026-04-28 23:55:48 +0000  1318 bytes for ./Payload/sTalk.app/id.lproj/SAS.strings
copying file ./Payload/sTalk.app/id.lproj/Localizable.strings ... 
2026-04-28 23:55:48 +0000  132024 bytes for ./Payload/sTalk.app/id.lproj/Localizable.strings
2026-04-28 23:55:48 +0000  copying file ./Payload/sTalk.app/id.lproj/InfoPlist.strings ... 
2026-04-28 23:55:48 +0000  618 bytes for ./Payload/sTalk.app/id.lproj/InfoPlist.strings
copying file ./Payload/sTalk.app/id.lproj/Localizable.stringsdict ... 
2026-04-28 23:55:48 +0000  3196 bytes for ./Payload/sTalk.app/id.lproj/Localizable.stringsdict
2026-04-28 23:55:48 +0000  copying file ./Payload/sTalk.app/nl.lproj/SAS.strings ... 
2026-04-28 23:55:48 +0000  1341 bytes for ./Payload/sTalk.app/nl.lproj/SAS.strings
2026-04-28 23:55:48 +0000  copying file ./Payload/sTalk.app/nl.lproj/Localizable.strings ... 
2026-04-28 23:55:48 +0000  133284 bytes for ./Payload/sTalk.app/nl.lproj/Localizable.strings
2026-04-28 23:55:48 +0000  copying file ./Payload/sTalk.app/nl.lproj/InfoPlist.strings ... 
643 bytes for ./Payload/sTalk.app/nl.lproj/InfoPlist.strings
copying file ./Payload/sTalk.app/nl.lproj/Localizable.stringsdict ... 
2026-04-28 23:55:48 +0000  3876 bytes for ./Payload/sTalk.app/nl.lproj/Localizable.stringsdict
2026-04-28 23:55:48 +0000  copying file ./Payload/sTalk.app/TabSettings.json ... 
2026-04-28 23:55:48 +0000  20016 bytes for ./Payload/sTalk.app/TabSettings.json
2026-04-28 23:55:48 +0000  copying file ./Payload/sTalk.app/pt.lproj/SAS.strings ... 
2026-04-28 23:55:48 +0000  1441 bytes for ./Payload/sTalk.app/pt.lproj/SAS.strings
2026-04-28 23:55:48 +0000  copying file ./Payload/sTalk.app/pt.lproj/Localizable.strings ... 
2026-04-28 23:55:48 +0000  161695 bytes for ./Payload/sTalk.app/pt.lproj/Localizable.strings
2026-04-28 23:55:48 +0000  copying file ./Payload/sTalk.app/pt.lproj/InfoPlist.strings ... 
2026-04-28 23:55:48 +0000  998 bytes for ./Payload/sTalk.app/pt.lproj/InfoPlist.strings
2026-04-28 23:55:48 +0000  copying file ./Payload/sTalk.app/pt.lproj/Localizable.stringsdict ... 
2026-04-28 23:55:48 +0000  4248 bytes for ./Payload/sTalk.app/pt.lproj/Localizable.stringsdict
2026-04-28 23:55:48 +0000  copying file ./Payload/sTalk.app/Frameworks/YbridOgg.framework/_CodeSignature/CodeResources ... 
2026-04-28 23:55:48 +0000  2366 bytes for ./Payload/sTalk.app/Frameworks/YbridOgg.framework/_CodeSignature/CodeResources
2026-04-28 23:55:48 +0000  copying file ./Payload/sTalk.app/Frameworks/YbridOgg.framework/Config.xcconfig ... 
2026-04-28 23:55:48 +0000  1826 bytes for ./Payload/sTalk.app/Frameworks/YbridOgg.framework/Config.xcconfig
2026-04-28 23:55:48 +0000  copying file ./Payload/sTalk.app/Frameworks/YbridOgg.framework/COPYING ... 
2026-04-28 23:55:48 +0000  1466 bytes for ./Payload/sTalk.app/Frameworks/YbridOgg.framework/COPYING
2026-04-28 23:55:48 +0000  copying file ./Payload/sTalk.app/Frameworks/YbridOgg.framework/YbridOgg ... 
2026-04-28 23:55:48 +0000  187232 bytes for ./Payload/sTalk.app/Frameworks/YbridOgg.framework/YbridOgg
2026-04-28 23:55:48 +0000  copying file ./Payload/sTalk.app/Frameworks/YbridOgg.framework/Info.plist ... 
2026-04-28 23:55:48 +0000  1004 bytes for ./Payload/sTalk.app/Frameworks/YbridOgg.framework/Info.plist
2026-04-28 23:55:48 +0000  copying file ./Payload/sTalk.app/Frameworks/Sentry.framework/_CodeSignature/CodeResources ... 
2026-04-28 23:55:48 +0000  2034 bytes for ./Payload/sTalk.app/Frameworks/Sentry.framework/_CodeSignature/CodeResources
2026-04-28 23:55:48 +0000  copying file ./Payload/sTalk.app/Frameworks/Sentry.framework/PrivacyInfo.xcprivacy ... 
2026-04-28 23:55:48 +0000  2108 bytes for ./Payload/sTalk.app/Frameworks/Sentry.framework/PrivacyInfo.xcprivacy
2026-04-28 23:55:48 +0000  copying file ./Payload/sTalk.app/Frameworks/Sentry.framework/Sentry ... 
2026-04-28 23:55:48 +0000  51360 bytes for ./Payload/sTalk.app/Frameworks/Sentry.framework/Sentry
2026-04-28 23:55:48 +0000  copying file ./Payload/sTalk.app/Frameworks/Sentry.framework/Info.plist ... 
2026-04-28 23:55:48 +0000  742 bytes for ./Payload/sTalk.app/Frameworks/Sentry.framework/Info.plist
2026-04-28 23:55:48 +0000  copying file ./Payload/sTalk.app/Frameworks/YbridOpus.framework/_CodeSignature/CodeResources ... 
2026-04-28 23:55:48 +0000  2094 bytes for ./Payload/sTalk.app/Frameworks/YbridOpus.framework/_CodeSignature/CodeResources
2026-04-28 23:55:48 +0000  copying file ./Payload/sTalk.app/Frameworks/YbridOpus.framework/Config.xcconfig ... 
2026-04-28 23:55:48 +0000  1671 bytes for ./Payload/sTalk.app/Frameworks/YbridOpus.framework/Config.xcconfig
2026-04-28 23:55:48 +0000  copying file ./Payload/sTalk.app/Frameworks/YbridOpus.framework/YbridOpus ... 
2026-04-28 23:55:48 +0000  895248 bytes for ./Payload/sTalk.app/Frameworks/YbridOpus.framework/YbridOpus
2026-04-28 23:55:48 +0000  copying file ./Payload/sTalk.app/Frameworks/YbridOpus.framework/Info.plist ... 
2026-04-28 23:55:48 +0000  1011 bytes for ./Payload/sTalk.app/Frameworks/YbridOpus.framework/Info.plist
2026-04-28 23:55:48 +0000  copying file ./Payload/sTalk.app/Frameworks/MapLibre.framework/de.lproj/Localizable.strings ... 
2026-04-28 23:55:48 +0000  2461 bytes for ./Payload/sTalk.app/Frameworks/MapLibre.framework/de.lproj/Localizable.strings
2026-04-28 23:55:48 +0000  copying file ./Payload/sTalk.app/Frameworks/MapLibre.framework/de.lproj/Localizable.stringsdict ... 
2026-04-28 23:55:48 +0000  344 bytes for ./Payload/sTalk.app/Frameworks/MapLibre.framework/de.lproj/Localizable.stringsdict
2026-04-28 23:55:48 +0000  copying file ./Payload/sTalk.app/Frameworks/MapLibre.framework/_CodeSignature/CodeResources ... 
2026-04-28 23:55:48 +0000  17319 bytes for ./Payload/sTalk.app/Frameworks/MapLibre.framework/_CodeSignature/CodeResources
2026-04-28 23:55:48 +0000  copying file ./Payload/sTalk.app/Frameworks/MapLibre.framework/he.lproj/Localizable.strings ... 
2026-04-28 23:55:48 +0000  2628 bytes for ./Payload/sTalk.app/Frameworks/MapLibre.framework/he.lproj/Localizable.strings
2026-04-28 23:55:48 +0000  copying file ./Payload/sTalk.app/Frameworks/MapLibre.framework/ar.lproj/Localizable.stringsdict ... 
2026-04-28 23:55:48 +0000  818 bytes for ./Payload/sTalk.app/Frameworks/MapLibre.framework/ar.lproj/Localizable.stringsdict
2026-04-28 23:55:48 +0000  copying file ./Payload/sTalk.app/Frameworks/MapLibre.framework/zh-Hans.lproj/Localizable.strings ... 
2026-04-28 23:55:48 +0000  1805 bytes for ./Payload/sTalk.app/Frameworks/MapLibre.framework/zh-Hans.lproj/Localizable.strings
2026-04-28 23:55:48 +0000  copying file ./Payload/sTalk.app/Frameworks/MapLibre.framework/ja.lproj/Localizable.strings ... 
2026-04-28 23:55:48 +0000  1388 bytes for ./Payload/sTalk.app/Frameworks/MapLibre.framework/ja.lproj/Localizable.strings
2026-04-28 23:55:48 +0000  copying file ./Payload/sTalk.app/Frameworks/MapLibre.framework/en.lproj/Localizable.stringsdict ... 
2026-04-28 23:55:48 +0000  470 bytes for ./Payload/sTalk.app/Frameworks/MapLibre.framework/en.lproj/Localizable.stringsdict
2026-04-28 23:55:48 +0000  copying file ./Payload/sTalk.app/Frameworks/MapLibre.framework/uk.lproj/Localizable.strings ... 
2026-04-28 23:55:48 +0000  3322 bytes for ./Payload/sTalk.app/Frameworks/MapLibre.framework/uk.lproj/Localizable.strings
2026-04-28 23:55:48 +0000  copying file ./Payload/sTalk.app/Frameworks/MapLibre.framework/uk.lproj/Localizable.stringsdict ... 
2026-04-28 23:55:48 +0000  640 bytes for ./Payload/sTalk.app/Frameworks/MapLibre.framework/uk.lproj/Localizable.stringsdict
2026-04-28 23:55:48 +0000  copying file ./Payload/sTalk.app/Frameworks/MapLibre.framework/es.lproj/Localizable.strings ... 
2026-04-28 23:55:48 +0000  2833 bytes for ./Payload/sTalk.app/Frameworks/MapLibre.framework/es.lproj/Localizable.strings
2026-04-28 23:55:48 +0000  copying file ./Payload/sTalk.app/Frameworks/MapLibre.framework/es.lproj/Localizable.stringsdict ... 
2026-04-28 23:55:48 +0000  495 bytes for ./Payload/sTalk.app/Frameworks/MapLibre.framework/es.lproj/Localizable.stringsdict
2026-04-28 23:55:48 +0000  copying file ./Payload/sTalk.app/Frameworks/MapLibre.framework/da.lproj/Localizable.strings ... 
2026-04-28 23:55:48 +0000  2675 bytes for ./Payload/sTalk.app/Frameworks/MapLibre.framework/da.lproj/Localizable.strings
2026-04-28 23:55:48 +0000  copying file ./Payload/sTalk.app/Frameworks/MapLibre.framework/da.lproj/Localizable.stringsdict ... 
2026-04-28 23:55:48 +0000  479 bytes for ./Payload/sTalk.app/Frameworks/MapLibre.framework/da.lproj/Localizable.stringsdict
2026-04-28 23:55:48 +0000  copying file ./Payload/sTalk.app/Frameworks/MapLibre.framework/gl.lproj/Localizable.strings ... 
2026-04-28 23:55:48 +0000  2767 bytes for ./Payload/sTalk.app/Frameworks/MapLibre.framework/gl.lproj/Localizable.strings
2026-04-28 23:55:48 +0000  copying file ./Payload/sTalk.app/Frameworks/MapLibre.framework/gl.lproj/Localizable.stringsdict ... 
2026-04-28 23:55:48 +0000  565 bytes for ./Payload/sTalk.app/Frameworks/MapLibre.framework/gl.lproj/Localizable.stringsdict
2026-04-28 23:55:48 +0000  copying file ./Payload/sTalk.app/Frameworks/MapLibre.framework/metal-cpp-ignores.txt ... 
2026-04-28 23:55:48 +0000  265 bytes for ./Payload/sTalk.app/Frameworks/MapLibre.framework/metal-cpp-ignores.txt
2026-04-28 23:55:48 +0000  copying file ./Payload/sTalk.app/Frameworks/MapLibre.framework/bg.lproj/Localizable.strings ... 
2026-04-28 23:55:48 +0000  2772 bytes for ./Payload/sTalk.app/Frameworks/MapLibre.framework/bg.lproj/Localizable.strings
2026-04-28 23:55:48 +0000  copying file ./Payload/sTalk.app/Frameworks/MapLibre.framework/bg.lproj/Localizable.stringsdict ... 
2026-04-28 23:55:48 +0000  503 bytes for ./Payload/sTalk.app/Frameworks/MapLibre.framework/bg.lproj/Localizable.stringsdict
2026-04-28 23:55:48 +0000  copying file ./Payload/sTalk.app/Frameworks/MapLibre.framework/MapLibre ... 
2026-04-28 23:55:48 +0000  7640272 bytes for ./Payload/sTalk.app/Frameworks/MapLibre.framework/MapLibre
2026-04-28 23:55:48 +0000  copying file ./Payload/sTalk.app/Frameworks/MapLibre.framework/sv.lproj/Localizable.strings ... 
2026-04-28 23:55:48 +0000  2740 bytes for ./Payload/sTalk.app/Frameworks/MapLibre.framework/sv.lproj/Localizable.strings
2026-04-28 23:55:48 +0000  copying file ./Payload/sTalk.app/Frameworks/MapLibre.framework/sv.lproj/Localizable.stringsdict ... 
2026-04-28 23:55:48 +0000  496 bytes for ./Payload/sTalk.app/Frameworks/MapLibre.framework/sv.lproj/Localizable.stringsdict
2026-04-28 23:55:48 +0000  copying file ./Payload/sTalk.app/Frameworks/MapLibre.framework/cs.lproj/Localizable.strings ... 
2026-04-28 23:55:48 +0000  2140 bytes for ./Payload/sTalk.app/Frameworks/MapLibre.framework/cs.lproj/Localizable.strings
2026-04-28 23:55:48 +0000  copying file ./Payload/sTalk.app/Frameworks/MapLibre.framework/cs.lproj/Localizable.stringsdict ... 
2026-04-28 23:55:48 +0000  470 bytes for ./Payload/sTalk.app/Frameworks/MapLibre.framework/cs.lproj/Localizable.stringsdict
2026-04-28 23:55:48 +0000  copying file ./Payload/sTalk.app/Frameworks/MapLibre.framework/ko.lproj/Localizable.strings ... 
2026-04-28 23:55:48 +0000  2119 bytes for ./Payload/sTalk.app/Frameworks/MapLibre.framework/ko.lproj/Localizable.strings
2026-04-28 23:55:48 +0000  copying file ./Payload/sTalk.app/Frameworks/MapLibre.framework/ko.lproj/Localizable.stringsdict ... 
2026-04-28 23:55:48 +0000  410 bytes for ./Payload/sTalk.app/Frameworks/MapLibre.framework/ko.lproj/Localizable.stringsdict
2026-04-28 23:55:48 +0000  copying file ./Payload/sTalk.app/Frameworks/MapLibre.framework/Base.lproj/Localizable.strings ... 
2026-04-28 23:55:48 +0000  2155 bytes for ./Payload/sTalk.app/Frameworks/MapLibre.framework/Base.lproj/Localizable.strings
2026-04-28 23:55:48 +0000  copying file ./Payload/sTalk.app/Frameworks/MapLibre.framework/zh-Hant.lproj/Localizable.strings ... 
2026-04-28 23:55:48 +0000  1597 bytes for ./Payload/sTalk.app/Frameworks/MapLibre.framework/zh-Hant.lproj/Localizable.strings
2026-04-28 23:55:48 +0000  copying file ./Payload/sTalk.app/Frameworks/MapLibre.framework/zh-Hant.lproj/Localizable.stringsdict ... 
2026-04-28 23:55:48 +0000  282 bytes for ./Payload/sTalk.app/Frameworks/MapLibre.framework/zh-Hant.lproj/Localizable.stringsdict
2026-04-28 23:55:48 +0000  copying file ./Payload/sTalk.app/Frameworks/MapLibre.framework/hu.lproj/Localizable.strings ... 
2026-04-28 23:55:48 +0000  2460 bytes for ./Payload/sTalk.app/Frameworks/MapLibre.framework/hu.lproj/Localizable.strings
2026-04-28 23:55:48 +0000  copying file ./Payload/sTalk.app/Frameworks/MapLibre.framework/hu.lproj/Localizable.stringsdict ... 
2026-04-28 23:55:48 +0000  466 bytes for ./Payload/sTalk.app/Frameworks/MapLibre.framework/hu.lproj/Localizable.stringsdict
2026-04-28 23:55:48 +0000  copying file ./Payload/sTalk.app/Frameworks/MapLibre.framework/Assets.car ... 
2026-04-28 23:55:48 +0000  202735 bytes for ./Payload/sTalk.app/Frameworks/MapLibre.framework/Assets.car
2026-04-28 23:55:48 +0000  copying file ./Payload/sTalk.app/Frameworks/MapLibre.framework/pt-BR.lproj/Localizable.strings ... 
2026-04-28 23:55:48 +0000  2597 bytes for ./Payload/sTalk.app/Frameworks/MapLibre.framework/pt-BR.lproj/Localizable.strings
2026-04-28 23:55:48 +0000  copying file ./Payload/sTalk.app/Frameworks/MapLibre.framework/pt-BR.lproj/Localizable.stringsdict ... 
2026-04-28 23:55:48 +0000  376 bytes for ./Payload/sTalk.app/Frameworks/MapLibre.framework/pt-BR.lproj/Localizable.stringsdict
2026-04-28 23:55:48 +0000  copying file ./Payload/sTalk.app/Frameworks/MapLibre.framework/vi.lproj/Localizable.strings ... 
2026-04-28 23:55:48 +0000  3390 bytes for ./Payload/sTalk.app/Frameworks/MapLibre.framework/vi.lproj/Localizable.strings
2026-04-28 23:55:48 +0000  copying file ./Payload/sTalk.app/Frameworks/MapLibre.framework/vi.lproj/Localizable.stringsdict ... 
516 bytes for ./Payload/sTalk.app/Frameworks/MapLibre.framework/vi.lproj/Localizable.stringsdict
copying file ./Payload/sTalk.app/Frameworks/MapLibre.framework/PrivacyInfo.xcprivacy ... 
2026-04-28 23:55:48 +0000  1105 bytes for ./Payload/sTalk.app/Frameworks/MapLibre.framework/PrivacyInfo.xcprivacy
2026-04-28 23:55:48 +0000  copying file ./Payload/sTalk.app/Frameworks/MapLibre.framework/lt.lproj/Localizable.strings ... 
2026-04-28 23:55:48 +0000  2861 bytes for ./Payload/sTalk.app/Frameworks/MapLibre.framework/lt.lproj/Localizable.strings
2026-04-28 23:55:48 +0000  copying file ./Payload/sTalk.app/Frameworks/MapLibre.framework/lt.lproj/Localizable.stringsdict ... 
2026-04-28 23:55:48 +0000  399 bytes for ./Payload/sTalk.app/Frameworks/MapLibre.framework/lt.lproj/Localizable.stringsdict
2026-04-28 23:55:48 +0000  copying file ./Payload/sTalk.app/Frameworks/MapLibre.framework/ru.lproj/Localizable.strings ... 
2026-04-28 23:55:48 +0000  3254 bytes for ./Payload/sTalk.app/Frameworks/MapLibre.framework/ru.lproj/Localizable.strings
2026-04-28 23:55:48 +0000  copying file ./Payload/sTalk.app/Frameworks/MapLibre.framework/ru.lproj/Localizable.stringsdict ... 
2026-04-28 23:55:48 +0000  677 bytes for ./Payload/sTalk.app/Frameworks/MapLibre.framework/ru.lproj/Localizable.stringsdict
2026-04-28 23:55:48 +0000  copying file ./Payload/sTalk.app/Frameworks/MapLibre.framework/fr.lproj/Localizable.strings ... 
2026-04-28 23:55:48 +0000  3226 bytes for ./Payload/sTalk.app/Frameworks/MapLibre.framework/fr.lproj/Localizable.strings
2026-04-28 23:55:48 +0000  copying file ./Payload/sTalk.app/Frameworks/MapLibre.framework/fr.lproj/Localizable.stringsdict ... 
2026-04-28 23:55:48 +0000  482 bytes for ./Payload/sTalk.app/Frameworks/MapLibre.framework/fr.lproj/Localizable.stringsdict
2026-04-28 23:55:48 +0000  copying file ./Payload/sTalk.app/Frameworks/MapLibre.framework/pt-PT.lproj/Localizable.strings ... 
2026-04-28 23:55:48 +0000  3264 bytes for ./Payload/sTalk.app/Frameworks/MapLibre.framework/pt-PT.lproj/Localizable.strings
2026-04-28 23:55:48 +0000  copying file ./Payload/sTalk.app/Frameworks/MapLibre.framework/pt-PT.lproj/Localizable.stringsdict ... 
2026-04-28 23:55:48 +0000  578 bytes for ./Payload/sTalk.app/Frameworks/MapLibre.framework/pt-PT.lproj/Localizable.stringsdict
2026-04-28 23:55:48 +0000  copying file ./Payload/sTalk.app/Frameworks/MapLibre.framework/Info.plist ... 
2026-04-28 23:55:48 +0000  813 bytes for ./Payload/sTalk.app/Frameworks/MapLibre.framework/Info.plist
2026-04-28 23:55:48 +0000  copying file ./Payload/sTalk.app/Frameworks/MapLibre.framework/ca.lproj/Localizable.strings ... 
2026-04-28 23:55:48 +0000  2769 bytes for ./Payload/sTalk.app/Frameworks/MapLibre.framework/ca.lproj/Localizable.strings
2026-04-28 23:55:48 +0000  copying file ./Payload/sTalk.app/Frameworks/MapLibre.framework/ca.lproj/Localizable.stringsdict ... 
2026-04-28 23:55:48 +0000  356 bytes for ./Payload/sTalk.app/Frameworks/MapLibre.framework/ca.lproj/Localizable.stringsdict
2026-04-28 23:55:48 +0000  copying file ./Payload/sTalk.app/Frameworks/MatrixRustSDK.framework/_CodeSignature/CodeResources ... 
2026-04-28 23:55:48 +0000  1798 bytes for ./Payload/sTalk.app/Frameworks/MatrixRustSDK.framework/_CodeSignature/CodeResources
2026-04-28 23:55:48 +0000  copying file ./Payload/sTalk.app/Frameworks/MatrixRustSDK.framework/MatrixRustSDK ... 
2026-04-28 23:55:51 +0000  106873008 bytes for ./Payload/sTalk.app/Frameworks/MatrixRustSDK.framework/MatrixRustSDK
2026-04-28 23:55:51 +0000  copying file ./Payload/sTalk.app/Frameworks/MatrixRustSDK.framework/Info.plist ... 
777 bytes for ./Payload/sTalk.app/Frameworks/MatrixRustSDK.framework/Info.plist
2026-04-28 23:55:51 +0000  copying file ./Payload/sTalk.app/Frameworks/LiveKitWebRTC.framework/_CodeSignature/CodeResources ... 
2026-04-28 23:55:51 +0000  2034 bytes for ./Payload/sTalk.app/Frameworks/LiveKitWebRTC.framework/_CodeSignature/CodeResources
2026-04-28 23:55:51 +0000  copying file ./Payload/sTalk.app/Frameworks/LiveKitWebRTC.framework/LiveKitWebRTC ... 
2026-04-28 23:55:51 +0000  11900480 bytes for ./Payload/sTalk.app/Frameworks/LiveKitWebRTC.framework/LiveKitWebRTC
2026-04-28 23:55:51 +0000  copying file ./Payload/sTalk.app/Frameworks/LiveKitWebRTC.framework/PrivacyInfo.xcprivacy ... 
2026-04-28 23:55:51 +0000  845 bytes for ./Payload/sTalk.app/Frameworks/LiveKitWebRTC.framework/PrivacyInfo.xcprivacy
2026-04-28 23:55:51 +0000  copying file ./Payload/sTalk.app/Frameworks/LiveKitWebRTC.framework/Info.plist ... 
2026-04-28 23:55:51 +0000  767 bytes for ./Payload/sTalk.app/Frameworks/LiveKitWebRTC.framework/Info.plist
copying file ./Payload/sTalk.app/embedded.mobileprovision ... 
2026-04-28 23:55:51 +0000  12733 bytes for ./Payload/sTalk.app/embedded.mobileprovision
2026-04-28 23:55:51 +0000  copying file ./Payload/sTalk.app/ConfettiScene.scn ... 
2026-04-28 23:55:51 +0000  11752 bytes for ./Payload/sTalk.app/ConfettiScene.scn
2026-04-28 23:55:51 +0000  copying file ./Payload/sTalk.app/ro.lproj/Localizable.strings ... 
2026-04-28 23:55:51 +0000  179468 bytes for ./Payload/sTalk.app/ro.lproj/Localizable.strings
2026-04-28 23:55:51 +0000  copying file ./Payload/sTalk.app/ro.lproj/InfoPlist.strings ... 
2026-04-28 23:55:51 +0000  1022 bytes for ./Payload/sTalk.app/ro.lproj/InfoPlist.strings
2026-04-28 23:55:51 +0000  copying file ./Payload/sTalk.app/ro.lproj/Localizable.stringsdict ... 
2026-04-28 23:55:51 +0000  4865 bytes for ./Payload/sTalk.app/ro.lproj/Localizable.stringsdict
2026-04-28 23:55:51 +0000  copying file ./Payload/sTalk.app/Info.plist ... 
2026-04-28 23:55:51 +0000  2794 bytes for ./Payload/sTalk.app/Info.plist
2026-04-28 23:55:51 +0000  copying file ./Payload/sTalk.app/DTCoreText_DTCoreText.bundle/default.css ... 
2026-04-28 23:55:51 +0000  3363 bytes for ./Payload/sTalk.app/DTCoreText_DTCoreText.bundle/default.css
2026-04-28 23:55:51 +0000  copying file ./Payload/sTalk.app/DTCoreText_DTCoreText.bundle/Info.plist ... 
2026-04-28 23:55:51 +0000  686 bytes for ./Payload/sTalk.app/DTCoreText_DTCoreText.bundle/Info.plist
2026-04-28 23:55:51 +0000  copying file ./Payload/sTalk.app/PkgInfo ... 
2026-04-28 23:55:51 +0000  8 bytes for ./Payload/sTalk.app/PkgInfo
2026-04-28 23:55:51 +0000  copying file ./Payload/sTalk.app/hr.lproj/SAS.strings ... 
2026-04-28 23:55:51 +0000  1372 bytes for ./Payload/sTalk.app/hr.lproj/SAS.strings
2026-04-28 23:55:51 +0000  copying file ./Payload/sTalk.app/hr.lproj/Localizable.strings ... 
2026-04-28 23:55:51 +0000  166719 bytes for ./Payload/sTalk.app/hr.lproj/Localizable.strings
2026-04-28 23:55:51 +0000  copying file ./Payload/sTalk.app/hr.lproj/InfoPlist.strings ... 
2026-04-28 23:55:51 +0000  801 bytes for ./Payload/sTalk.app/hr.lproj/InfoPlist.strings
2026-04-28 23:55:51 +0000  copying file ./Payload/sTalk.app/hr.lproj/Localizable.stringsdict ... 
2026-04-28 23:55:51 +0000  5314 bytes for ./Payload/sTalk.app/hr.lproj/Localizable.stringsdict
2026-04-28 23:55:51 +0000  copying file ./Symbols/2EBEBADC-6E38-324D-A66F-79090E14D982.symbols ... 
2026-04-28 23:55:52 +0000  14538284 bytes for ./Symbols/2EBEBADC-6E38-324D-A66F-79090E14D982.symbols
2026-04-28 23:55:52 +0000  copying file ./Symbols/E7AFDC43-222F-3CCF-A3B2-0D4B9CCBA1E2.symbols ... 
2026-04-28 23:55:54 +0000  106869436 bytes for ./Symbols/E7AFDC43-222F-3CCF-A3B2-0D4B9CCBA1E2.symbols
2026-04-28 23:55:54 +0000  copying file ./Symbols/C1BAE59B-F0CE-35F4-B4A1-B93D9F44959C.symbols ... 
2026-04-28 23:55:54 +0000  33800836 bytes for ./Symbols/C1BAE59B-F0CE-35F4-B4A1-B93D9F44959C.symbols
2026-04-28 23:55:54 +0000  copying file ./Symbols/175015CF-F89E-37F8-9E07-55FBDB0FB78F.symbols ... 
2026-04-28 23:55:55 +0000  21138668 bytes for ./Symbols/175015CF-F89E-37F8-9E07-55FBDB0FB78F.symbols
2026-04-28 23:55:55 +0000 [MT] /usr/bin/ditto exited with 0
2026-04-28 23:55:55 +0000 [MT] Processing step: IDEDistributionAppStoreInformationStep
2026-04-28 23:55:55 +0000 [MT] Skipping step: IDEDistributionAppStoreInformationStep because it said so
2026-04-28 23:55:55 +0000 [MT] Processing step: IDEDistributionGenerateProcessedDistributionItems
2026-04-28 23:55:55 +0000 [MT] IDEDistributionItem init <DVTFilePath:0xc0bf68e00:'/var/folders/59/qzr86rhs1rvd4hb30sj8hxpc0000gn/T/XcodeDistPipeline.~~~PvFU9R/Root/Payload/sTalk.app/Frameworks/MatrixRustSDK.framework'>
2026-04-28 23:55:55 +0000 [MT] IDEDistributionItem init <DVTFilePath:0xc0bf68930:'/var/folders/59/qzr86rhs1rvd4hb30sj8hxpc0000gn/T/XcodeDistPipeline.~~~PvFU9R/Root/Payload/sTalk.app/PlugIns/ShareExtension.appex'>
2026-04-28 23:55:55 +0000 [MT] IDEDistributionItem init <DVTFilePath:0xc0bf68ee0:'/var/folders/59/qzr86rhs1rvd4hb30sj8hxpc0000gn/T/XcodeDistPipeline.~~~PvFU9R/Root/Payload/sTalk.app/Frameworks/YbridOgg.framework'>
2026-04-28 23:55:55 +0000 [MT] IDEDistributionItem init <DVTFilePath:0xc0bf69180:'/var/folders/59/qzr86rhs1rvd4hb30sj8hxpc0000gn/T/XcodeDistPipeline.~~~PvFU9R/Root/Payload/sTalk.app/Frameworks/MapLibre.framework'>
2026-04-28 23:55:55 +0000 [MT] IDEDistributionItem init <DVTFilePath:0xc0bf69260:'/var/folders/59/qzr86rhs1rvd4hb30sj8hxpc0000gn/T/XcodeDistPipeline.~~~PvFU9R/Root/Payload/sTalk.app/Frameworks/LiveKitWebRTC.framework'>
2026-04-28 23:55:55 +0000 [MT] IDEDistributionItem init <DVTFilePath:0xc0bf69340:'/var/folders/59/qzr86rhs1rvd4hb30sj8hxpc0000gn/T/XcodeDistPipeline.~~~PvFU9R/Root/Payload/sTalk.app/Frameworks/YbridOpus.framework'>
2026-04-28 23:55:55 +0000 [MT] IDEDistributionItem init <DVTFilePath:0xc0bf68e70:'/var/folders/59/qzr86rhs1rvd4hb30sj8hxpc0000gn/T/XcodeDistPipeline.~~~PvFU9R/Root/Payload/sTalk.app/Frameworks/Sentry.framework'>
2026-04-28 23:55:55 +0000 [MT] IDEDistributionItem init <DVTFilePath:0xc095e4f60:'/var/folders/59/qzr86rhs1rvd4hb30sj8hxpc0000gn/T/XcodeDistPipeline.~~~PvFU9R/Root/Payload/sTalk.app/PlugIns/NSE.appex'>
2026-04-28 23:55:55 +0000 [MT] IDEDistributionItem init <DVTFilePath:0xc095e50e0:'/var/folders/59/qzr86rhs1rvd4hb30sj8hxpc0000gn/T/XcodeDistPipeline.~~~PvFU9R/Root/Payload/sTalk.app'>
2026-04-28 23:55:55 +0000 [MT] Processing step: IDEDistributionCreateManifestStep
2026-04-28 23:55:55 +0000 [MT] Skipping step: IDEDistributionCreateManifestStep because it said so
